numero;PrimeiroNome;UltimoNome;Curso*;notas*
380;Amelia;Gregrory;(MIEI,LCC);(5,19,10)
962;Therine;Wenda;MIEI;(13,6)
694;Modestia;Brittani;MIEFIS;(9,19,18,10,19)
275;Ingrid;Estella;LCC;(16,2,19,8)
882;Gratia;Riva;LCC;(12,10,5)
747;Mariann;O'Carroll;LCC;(1)
178;Emilia;Peti;MIEFIS;(5,17)
395;Kathy;Adlare;MIEFIS;(16,3,0,7)
759;Myrtice;Marsden;MIEFIS;(4,3)
542;Phedra;Baptlsta;MIEI;(8,15,18,7,3)
610;Chickie;Korey;MIEI;(5,19)
566;Jemie;Ethban;MIEI;(2)
573;Eolanda;Bebe;MIEI;(4,19,0,8,18,0)
975;Gretal;Latini;MIEFIS;(3,12)
243;Christian;Robertson;MIEI;(16,9,10,8)
297;Joleen;Ferrell;MIEI;(8)
481;Lynde;Erb;MIEFIS;(8,15)
936;Bettine;Toffic;MIEI;(2,11,18,6)
141;Tarra;Riordan;MIEFIS;(13,17,13,7)
354;Winifred;Seagraves;MIEFIS;(17,6,8,14)
548;Nicoli;Winnick;LCC;(11,4)
900;Tomasina;Ludewig;LCC;(15)
232;Cyb;Fancie;MIEI;(13,9,8,17,10,2)
309;Gabi;Hepsibah;MIEI;(9)
931;Moyna;Cohdwell;LCC;(16,2,0)
745;Minne;Grimbly;MIEI;(0,1,14,6)
108;Sheelagh;Dowski;MIEFIS;(9,1,12)
412;Chandra;Ruvolo;MIEFIS;(18,15,8,3,7,5)
864;Millie;Joachim;MIEI;(16,11,3,1,5)
244;Raina;Mendez;MIEI;(8,18,5,1,0)
733;Michaelina;Rebecka;LCC;(17,1)
584;Moyna;Melan;MIEFIS;(16,0,14,9)
506;Olivette;Schonfeld;MIEFIS;(15,11,5,9,19)
915;Lizzie;Schlosser;MIEFIS;(2,11,4,10,1)
864;Beatriz;Selway;LCC;(19)
562;Kellen;Skurnik;MIEFIS;(17,5)
222;Suzette;Ulphia;MIEI;(12,5,1)
222;Frieda;Travax;MIEFIS;(3,12,17,3,6)
961;Donnie;Rurik;MIEFIS;(12,7,17)
701;Jillayne;Maxi;MIEFIS;(14,7,5,5)
667;Chrystel;Terencio;MIEFIS;(9)
795;Donetta;Koziara;LCC;(2,6,6,4,3)
361;Lila;Duwalt;MIEFIS;(5,10)
647;Vita;Sawtelle;MIEFIS;(17)
336;Marline;Konyn;MIEFIS;(1,15,12,14,2)
174;Tori;Kolnick;MIEI;(9,6)
799;Louella;Ailyn;MIEFIS;(18,9,18,2)
637;Paola;Hoban;MIEI;(15,14,16)
860;Goldie;Rocray;LCC;(17,7)
540;Mahalia;Belldas;MIEFIS;(14,8)
263;Agnese;Liebermann;LCC;(18,12,16)
727;Jackie;Ajay;MIEI;(14,15,9,12)
895;Gianina;Stevy;MIEFIS;(13,7)
953;Anthia;Decato;MIEFIS;(0,9,4,16)
877;Nonnah;Campball;LCC;(16,16,8,6)
519;Joceline;Morgun;MIEI;(16,3,13,5,15)
223;Tiffie;Maiah;MIEI;(0,17,0,13,15)
743;Sonni;Carleen;MIEFIS;(11,2,2)
328;Kristan;Sikorski;LCC;(1,0)
768;Edee;Knowling;LCC;(8,13)
710;Edith;Hartnett;LCC;(4,1,9)
341;Benita;Raseda;MIEI;(7,12)
343;Flory;Dituri;MIEFIS;(7,18,0,2)
967;Candi;Elsinore;MIEI;(9,7,6,18,18,4)
217;Henriette;Rocray;MIEI;(18)
791;Berget;Buttaro;MIEFIS;(17,5,15)
329;Caryl;Maribeth;MIEFIS;(18,19,11,7,3,2)
632;Danny;Cosenza;LCC;(18)
244;Kamilah;Septima;MIEFIS;(12)
493;Nicoli;Ade;MIEFIS;(12,11,2,2,1,0)
869;Cindelyn;Swigart;LCC;(14,15,0,9)
471;Marleah;Ricki;MIEFIS;(18,17,10,3,9)
500;Katleen;Hebner;MIEI;(18,4,10,10,3,1)
833;Cordi;Rurik;MIEFIS;(2,10,2,10,15,10)
319;Eadie;Heidt;LCC;(18,12,18,15,19,8)
481;Nataline;Vary;LCC;(10,14,19,9)
899;Chloris;Ciro;LCC;(9,4,6)
677;Elbertina;Junie;MIEI;(15,5,5,14,19)
658;Latisha;Kosey;MIEFIS;(1)
301;Hollie;Westphal;MIEI;(10,3,4,0,4,9)
264;Thalia;Rugen;LCC;(7,5,10,3,2)
416;Maisey;Jeanne;MIEI;(15,16,19,18,14,12)
329;Minne;Seligman;MIEI;(8,8,7,4,14)
969;Elora;Urias;MIEI;(5,19,5,10)
464;Caritta;Levey;MIEFIS;(11,4,17,6,1,13)
389;Nickie;Chrystel;LCC;(18,11,8,3,17,12)
481;Corina;Liva;MIEFIS;(11)
527;Abbie;Edison;LCC;(6,14)
333;Caressa;Aurelio;MIEI;(5,16,10,16,19)
680;Lauryn;Tamar;MIEFIS;(18)
827;Jean;Wattenberg;MIEI;(1,3,16,6,9)
608;Margarette;Carri;LCC;(7)
892;Luci;Anselmi;MIEFIS;(9,4,18,7,17,12)
129;Melisent;Jess;MIEI;(9,13,9,5,14,18)
636;Binny;Ioab;MIEFIS;(4,11,3,11)
417;Miquela;Skurnik;MIEI;(6,4,3)
782;Lita;Remmer;MIEFIS;(8,3)
471;Gilda;Shaddock;MIEI;(18)
445;Lulita;Dituri;MIEFIS;(15,0)
450;Raf;Alexandr;LCC;(10,1,10)
726;Lisette;Constancy;MIEI;(19,10,9)
748;Aaren;McClimans;LCC;(1,5,1,17,13,18)
665;Briney;Podvin;MIEFIS;(0,12,3,9,7)
308;Feliza;Si;LCC;(6,16,10,13)
348;Corina;Ambrosia;MIEFIS;(3,1,15,10,5)
169;Nariko;Gaynor;MIEFIS;(13,10,10,12,13)
225;Tamqrah;Lesley;MIEFIS;(14,11,14,10,4,11)
119;Tierney;Erskine;MIEI;(6,19,0,3)
602;Fanny;Bahr;LCC;(2,7)
759;Kerrin;Mich;MIEFIS;(0,15,12,0)
768;Madeleine;Zina;MIEI;(0)
186;Aaren;Thomasina;MIEFIS;(12)
850;Modestia;Tomasina;MIEFIS;(10)
747;Brietta;Merna;MIEI;(0)
621;Michaelina;Chrystel;MIEFIS;(2)
855;Ellette;Sigfrid;MIEI;(14)
876;Gerianna;Kronfeld;LCC;(5,1,14,1,1,2)
228;Celisse;Meli;MIEFIS;(10,4,7,12,0,1)
344;Dagmar;Weaks;MIEI;(14,9,2,5,7,3)
892;Dorice;Chesna;MIEI;(15)
452;Darci;Ardeha;MIEFIS;(1)
837;Hannis;Dunkin;LCC;(4,6,18,13)
114;Ericka;Edvard;MIEI;(5,6,12,9,2,12)
992;Kimberley;Isacco;LCC;(4,4,15,11,14,2)
817;Diena;Breed;LCC;(4,3,16,0)
328;Gilda;Capello;MIEFIS;(6,19,17)
617;Therine;Schalles;MIEI;(15,7,17)
347;Paulita;Pip;MIEI;(2)
386;Lusa;Chem;LCC;(14,11,8,1,9)
643;Allis;Hilbert;MIEI;(2,1,14)
258;Taffy;Gibbeon;LCC;(14,12,15,15)
106;Christal;Dowski;LCC;(7,4,1,16,17)
281;Roz;Rurik;MIEI;(10,4,4,4,4)
557;Hyacinthe;Medrek;MIEI;(6,18,4,13)
595;Anthia;Persse;MIEFIS;(13)
864;Lanae;Garrison;MIEI;(4)
596;Rozele;Dorothy;MIEFIS;(7)
234;Lusa;Odell;MIEI;(4,3,9,9,19,1)
627;Cacilie;Brieta;MIEI;(19,5,1,10,1)
284;Kittie;Yorick;MIEI;(8,5,17,12,13,2)
561;Nonnah;Bow;MIEI;(5,17,3)
601;Elyssa;Rodmann;LCC;(3,0,12,2)
311;Mariann;Letsou;MIEI;(15,0)
865;Brietta;Diann;MIEI;(17)
138;Madalyn;Nore;LCC;(6)
274;Clary;Glenden;LCC;(12,13,19,19)
863;Joeann;Middleton;LCC;(15)
797;Drucie;Blisse;LCC;(4)
776;Berta;Lareena;LCC;(15)
203;Dennie;Girardo;MIEI;(14,8,1,14)
298;Fanchon;Nadia;MIEFIS;(3)
884;Nariko;Flita;MIEI;(6,4,10,3,17,11)
213;Carlie;Bouchard;MIEI;(6,8,8,11,8)
234;Felice;Amasa;MIEFIS;(18,8)
441;Kirbee;Waldron;MIEFIS;(11,14,14,19,3)
549;Frances;Letsou;MIEFIS;(13,19)
452;Dede;Hachmin;LCC;(13,9,18,12)
859;Lonnie;Carri;MIEFIS;(19,1)
147;Zsa Zsa;Lutero;MIEFIS;(5,4,12,0,19)
246;Adelle;Poll;MIEI;(12)
568;Heddie;Candy;LCC;(4,9,8,15,19)
256;Bernie;Gombach;MIEFIS;(11)
473;Dotty;Olin;MIEI;(5,6,15,14,2)
448;Rori;Tannie;LCC;(8)
773;Chere;Anselmi;LCC;(19,17,10)
207;Teriann;Leopold;LCC;(10,9,3,2)
350;Charlena;Carvey;MIEI;(0,16,14,4,19)
405;Fanchon;Chesna;MIEI;(14,0,3,1,11,17)
748;Cecile;Genna;LCC;(7,9,16,12,14,2)
104;Livvyy;Karylin;MIEFIS;(3,9,8)
106;Nananne;Mehalek;MIEFIS;(1,1,11,17,7)
819;Kellen;Bigner;LCC;(15,1,3)
518;Kayla;Westphal;LCC;(4,2)
641;Vevay;Weaks;MIEI;(17,12,2,15,19,1)
322;Brandise;Standing;MIEFIS;(10,8)
785;Jorry;Hutchison;MIEFIS;(13)
877;Jacquetta;O'Neill;MIEI;(19,16,16,14,12,8)
501;Dulcinea;Serilda;MIEI;(17)
788;Anica;Pierette;MIEFIS;(18)
308;Cindelyn;Santoro;MIEFIS;(2,13,3,10,10,14)
933;Kaja;Warthman;MIEFIS;(16,17,7,19,2)
100;Collen;Edison;MIEI;(11,10,8,10,10,17)
966;Ernesta;Weinreb;MIEI;(3,1,13)
680;Collen;Sophronia;MIEI;(5,2,9,11,3)
630;Lorie;Edee;LCC;(14)
108;Gertrud;Raimondo;LCC;(6,16,11,6,5,6)
826;Norine;Brunell;LCC;(4,19,10,18,3)
286;Alexine;Huggins;MIEI;(11,14,10,6,10)
481;Bernie;Baylor;LCC;(9,14)
602;Hannis;Whittaker;LCC;(2)
776;Carlie;Blisse;LCC;(0,10,17,8,4,5)
437;Elmira;Egbert;MIEFIS;(12,11,9,7,7,17)
984;Helsa;Emerson;MIEI;(2,8,4,8,13,2)
219;Althea;Harned;MIEI;(5,5,17,14,14)
875;Celisse;Bobbee;MIEI;(4,0,18,4)
118;Merle;Dyche;MIEFIS;(10,2,7,9,4,18)
810;Imojean;Artie;MIEI;(3)
466;Shandie;Jillane;MIEFIS;(5,17)
520;Shannah;Noam;LCC;(10,17,17)
642;Christy;Stevy;MIEFIS;(5,10,12,8,16,4)
413;Dagmar;Melan;MIEI;(15,9,2,1,11)
915;Kirbee;Whiffen;LCC;(19,5,19,11,15,13)
485;Mallory;Strephon;MIEFIS;(6,12,2,10,2)
952;Claudina;Pond;MIEI;(17,7,16,6,4,4)
928;Drucie;Kylander;MIEFIS;(6,2,0,14,11,17)
220;Modestia;Randene;MIEFIS;(14,14,16,11,18)
902;Rochette;Podvin;MIEFIS;(0,6)
875;Tersina;Sekofski;MIEI;(17,11,2,5,15)
659;Ana;Iiette;MIEFIS;(3,18,10)
741;Suzette;Lutero;LCC;(6,6,0,1)
726;Elise;Armanda;MIEI;(17,19,8)
897;Kalina;Pandolfi;LCC;(11)
283;Heddie;Maurine;LCC;(4,13)
326;Nessie;Wareing;MIEFIS;(8,13,5)
503;Roz;Cornelia;LCC;(5,2)
817;Eve;Shaddock;MIEI;(13,15,9,11,18,11)
357;Phylis;Ogren;MIEFIS;(15,17,1,8,15,7)
902;Orelia;Callista;MIEFIS;(4,3,11)
576;Genovera;Xerxes;MIEFIS;(0,5,7,18,18,6)
359;Katuscha;Schalles;LCC;(17,2,18,11,7,9)
533;Nariko;Soneson;MIEFIS;(14,19,19,14,16)
235;Edith;Orlene;LCC;(5,1,17,13)
679;Catharine;Cyrie;MIEI;(11,18,17,6,15)
547;Elbertina;Fabiola;MIEI;(9,9,5,4,3,18)
460;Diena;Jacinda;LCC;(0,12,1,10,19)
976;Jaclyn;Dex;MIEFIS;(12,12,9,13,1)
303;Jere;Claudine;LCC;(10,5,2,3,0)
692;Valera;Halla;LCC;(16,15,12,5,12,1)
861;Ana;Cynar;MIEFIS;(1,3,14,18,16,9)
352;Siana;Fontana;MIEFIS;(19,14,13,17,8)
257;Deirdre;Thilda;LCC;(19,2)
316;Vevay;Garrison;MIEFIS;(13,18,10,13)
150;Goldie;Zuzana;MIEI;(19,12)
164;Elena;Regan;LCC;(8,18,4)
310;Carmencita;Vacuva;LCC;(2,16)
350;Etta;Travax;MIEFIS;(7)
918;Briney;Beebe;MIEI;(6,13,5)
289;Hermione;Shanley;MIEFIS;(6,2,19,14,6,18)
448;Genevra;Camden;MIEI;(16,10,4,10)
612;Iseabal;Kesley;LCC;(2)
600;Fernande;Kermit;MIEI;(18)
307;Lauryn;Norrie;MIEI;(17,12,15,12,18,9)
975;Mara;Taam;MIEFIS;(14,2,2)
501;Caressa;Aurelio;MIEI;(10,19,1,0,1,7)
802;Lusa;Jefferey;MIEFIS;(3,1)
103;Kirstin;Phaidra;MIEFIS;(3,11,13,9,18,13)
555;Maisey;Vharat;LCC;(6)
710;Teriann;Dunkin;MIEFIS;(6,18,0,10,1,3)
784;Queenie;Rese;MIEFIS;(1)
184;Josephine;Greenwald;LCC;(6,1,14,18)
185;Reeba;Bultman;MIEFIS;(14,7,14,10,7)
454;Gavrielle;Annabella;MIEI;(3,8,16)
972;Kylynn;Mitzi;MIEFIS;(4,18,4,15,1,1)
178;Anallese;Campball;MIEI;(3,1,4,10)
583;Nataline;Harriman;MIEI;(8,16,16,3,13)
188;Letizia;Blake;MIEI;(18,5)
157;Elfreda;Carmena;MIEFIS;(5,4)
562;Cristine;Hertzfeld;LCC;(7,13,8)
201;Elise;Orpah;LCC;(7,11)
539;Kamilah;Yorick;MIEI;(12,3)
718;Zaria;Oscar;MIEFIS;(13,6,13,13)
254;Darlleen;Toor;LCC;(1,8,16,19,0,18)
236;Glenda;Madox;MIEI;(0,5,15,10,3)
171;Glynnis;Jehu;MIEFIS;(1,16,4)
486;Orelia;Levey;MIEFIS;(19,4,4,6,7)
125;Quintina;Lorenz;MIEFIS;(19,13,18,19,15,13)
930;Rozele;Konyn;MIEFIS;(5)
968;Estell;Seessel;LCC;(8,11,2)
209;Sarette;Glenden;MIEI;(13,8,19)
296;Ermengarde;Cottle;MIEFIS;(3,5,19,9,15,11)
494;Elie;Lenny;MIEFIS;(16,1,16,19,8)
138;Florie;Maples;MIEFIS;(17,8,18)
965;Marline;Dreda;MIEI;(4,7,11)
591;Adore;Lanita;MIEI;(2,9,5,10,1,12)
532;Livvyy;Jenness;MIEFIS;(6)
828;Fernande;Emmaline;MIEI;(19,13)
742;Luci;Weitman;MIEFIS;(4,11,12,12,6,16)
831;Mady;Bearnard;MIEI;(18,16)
320;Clarice;Medrek;MIEI;(11)
889;Eugine;Chabot;MIEI;(6,8,19,13,3)
427;Romona;Oneida;MIEFIS;(0,3,6,6)
695;Melina;Obed;MIEFIS;(19,8,19,3,1,15)
201;Lenna;Pascia;MIEI;(11,9,16,2,2)
993;Lulita;Ursulette;MIEI;(4,9,8)
888;Kimmy;Jorgan;MIEI;(17)
584;Rubie;Byrne;MIEFIS;(8,3,9)
302;Sonni;Schwejda;MIEFIS;(15,11,5,16,10)
682;Janenna;Astra;MIEI;(12,16,5)
983;Ericka;Leary;LCC;(12,11,8,16,4,17)
901;Hildegaard;Atcliffe;LCC;(4,12,3)
355;Tabbatha;Atonsah;MIEI;(6)
978;Vevay;Rhu;MIEI;(7,15,14)
526;Fanchon;Marsden;MIEI;(8,13,9)
753;Aili;Rozanna;MIEFIS;(2,15,19,14,14)
982;Penelopa;Rolf;LCC;(4,18)
515;Luci;Odell;LCC;(5,19,16)
815;Doralynne;Kat;LCC;(9,9,2,1,15,6)
553;Marsiella;Warthman;MIEFIS;(14,8)
857;Estell;Rona;MIEI;(19,10,2,11,16,9)
638;Britte;Vernier;MIEI;(1,19,1,16)
853;Lolita;Zenas;LCC;(7,18)
440;Cecile;Baylor;LCC;(5,8,4,19,12,13)
808;Laurene;Joseph;MIEFIS;(11,12,17,5)
615;Meriel;Lunsford;LCC;(15,6,19,2,16)
402;Alie;Parsaye;LCC;(17,7)
316;Atlanta;O'Neill;LCC;(4,17,8,2,14,14)
979;Feliza;Annice;MIEI;(15,3,11,3,1,4)
570;Shel;Kenney;MIEI;(5,12,0,19,14)
299;Lulita;Frendel;MIEFIS;(9,7,14,12)
381;Selia;Tufts;MIEI;(12,0,8,8)
407;Gloria;Eliathas;MIEFIS;(14,11,11)
700;Sarette;Othilia;MIEFIS;(3,15,12)
514;Belva;Corilla;MIEFIS;(9,8,10)
631;Siana;Eldrid;MIEFIS;(16,11)
893;Cristine;Angelis;MIEI;(2)
850;Jacquetta;Cath;LCC;(2,14)
859;Tina;Bevin;MIEI;(10,18,4)
377;Joeann;Forrer;LCC;(17)
341;Kaja;Gregrory;MIEFIS;(15,6)
901;Elfreda;Dawkins;MIEI;(19,3,18,5,17,8)
463;Randa;Joli;LCC;(15)
188;Donnie;Francyne;LCC;(13,4,14,14,14)
226;Gretal;Guildroy;LCC;(2,0,2)
560;Calla;Gombach;MIEI;(14,16,2,9,4)
812;Gratia;Nikaniki;MIEI;(4,12,10,3)
598;Alleen;Ranjiv;MIEI;(13,8,2,18,16,4)
733;Kara-Lynn;Sholley;MIEFIS;(3,4,7,16,3,8)
561;Gratia;Geffner;LCC;(3,7)
405;Karena;Anselmi;MIEI;(9,17,16,8,14)
924;Lacie;Cherianne;MIEFIS;(6)
470;Bernardine;Burnside;LCC;(16,10,5,17)
604;Deirdre;MacIntosh;MIEI;(13)
157;Gaylene;Schwejda;LCC;(17,15)
929;Layla;Wesle;MIEI;(10,6,14,1,12)
452;Vonny;Chabot;MIEI;(17,16,19,5,14,3)
303;Norine;Carleen;MIEFIS;(3,3)
388;Lita;Bronk;LCC;(16,2,10)
418;Frieda;Seumas;MIEI;(19,16,5,9)
295;Rhea;Newell;LCC;(12,12,13,13,11,13)
848;Claresta;Primalia;MIEFIS;(5)
979;Laurene;Rustice;LCC;(8,1,5,4,14,14)
464;Valera;Hunfredo;MIEI;(19)
297;Perry;Nicoline;LCC;(11)
170;Farrah;Shanley;LCC;(15,16)
146;Atlanta;Georgy;MIEI;(5,12,14)
431;Corry;Hailee;MIEI;(16,3,5,6)
257;Randa;Madelene;MIEFIS;(11,16)
802;Jillayne;Hillel;MIEI;(17,18)
882;Mellicent;Daveta;MIEI;(6,5,9)
841;Zia;Constancy;MIEFIS;(8)
959;Chrystel;Willie;MIEI;(11,15,19,17,17,3)
916;Fanny;Bendick;LCC;(13,14,6)
154;Gwenneth;Japeth;MIEI;(9,9)
394;Gusty;Florina;LCC;(17,0,7,17,15,13)
364;Gloria;Anderea;MIEI;(0,6,5,15,18)
906;Ericka;Schalles;MIEI;(8,17,14,15,18)
141;Nannie;Bakerman;LCC;(17,14,10)
800;Doralynne;Allare;MIEFIS;(10,12,6,6)
391;Willetta;Elo;LCC;(18,12,7,3,8)
983;Vere;Concha;MIEFIS;(16,4,5,18,15,0)
814;Carolina;Rudolph;MIEI;(11,4,17)
416;Lorenza;Naashom;LCC;(17,5,0,9,2,2)
493;Binny;Constancy;MIEI;(16,6)
197;Brietta;Amadas;LCC;(1)
756;Tressa;Bahr;MIEFIS;(16,15)
596;Rebeca;Melleta;MIEFIS;(19,7,9,5,14)
455;Tracey;Bivins;MIEFIS;(8,19,5,13)
401;Frieda;Valerio;MIEFIS;(14,18,11,1)
433;Alexine;Noelyn;LCC;(10,1,1,2,8,8)
420;Mamie;Deegan;LCC;(0,13)
695;Eolanda;Colbert;LCC;(13,11,14,3,0,17)
583;Gwyneth;Douglass;MIEFIS;(18,15,0)
374;Fred;Zenas;LCC;(15,14,7)
697;Jillayne;Madaih;LCC;(15,8)
354;Paulita;Gino;MIEFIS;(0)
337;Janey;Ophelia;LCC;(12,3,6,7,9)
433;Augustine;Jacqui;MIEI;(16,11,16)
873;Drucie;Raul;MIEFIS;(16)
718;Regina;Rozanna;MIEI;(11,18,13,0,14)
291;Nadine;Hoban;LCC;(14,1,18)
438;Sarette;Iiette;LCC;(4,3)
901;Quintina;Shelba;LCC;(4,17,5,10)
534;Bettine;Pelagias;MIEI;(17,6,1,1,10,3)
191;Suzette;Burnside;MIEFIS;(2,12,5,6)
135;Gilligan;Bates;LCC;(17,5,9,11)
109;Meriel;Wesle;MIEI;(15,9,18,9)
435;Corene;Infield;LCC;(14,0,0)
210;Kary;Persse;MIEFIS;(11,10)
397;Gerrie;Leary;MIEFIS;(14)
471;Phylis;Beebe;MIEI;(7,0,3,6,11,7)
130;Brana;Joseph;MIEI;(0,6,13)
465;Leona;Byrne;MIEI;(5,10,4)
332;Natka;Cosenza;LCC;(0,0,6,15,2)
642;Theodora;Abram;LCC;(18,13,16)
976;Ketti;Skell;LCC;(12,1,12)
583;Audrie;Raseda;MIEI;(8)
437;Genovera;Monaco;MIEI;(16)
832;Gaylene;Garlinda;MIEFIS;(10,0,2)
188;Evita;Xerxes;LCC;(1,12,10)
762;Mathilda;Roumell;LCC;(0,12,10,4)
146;Jany;Toffic;MIEI;(19)
863;Albertina;Orelee;MIEI;(0,15,0)
299;Tiffie;Ludewig;MIEFIS;(8,8,5,10)
552;Wendi;Bronk;MIEFIS;(3,3,10)
307;Brietta;Vernier;MIEI;(8,2,3,19,16)
907;Laurene;Klotz;MIEI;(10,17,18,2,18)
660;Chandra;Helve;MIEFIS;(9,7,4,14)
601;Kary;Tacye;MIEFIS;(6,3,9,11)
426;Shel;Olin;MIEFIS;(13,6,19,2,11)
719;Fayre;Rheingold;LCC;(3,19,1,1)
154;Blinni;Connelly;LCC;(9,13,15,13,4)
457;Melisent;Lacombe;MIEI;(17,4,14,18)
364;Gretal;Maurine;MIEI;(3,7,7)
508;Zaria;Noman;LCC;(10,7,13,3)
511;Cordi;Kaete;MIEFIS;(15)
749;Elvira;Catie;MIEI;(7)
671;Mary;Doig;MIEFIS;(4)
385;Phedra;Klotz;LCC;(16,6,5,5)
505;Krystle;Rebecka;MIEFIS;(4,3)
425;Tarra;Billye;MIEFIS;(14,0,13)
781;Dorene;Roche;LCC;(12,18,3,16,6)
328;Ivett;Keily;LCC;(13,3,12,8)
810;Evaleen;Neva;MIEFIS;(18,11,14)
152;Katharina;Anastatius;MIEFIS;(3,11)
772;Mara;Faso;MIEI;(4,18,8,6,4,16)
519;Rubie;Gregrory;LCC;(3,15)
715;Sibella;McAdams;MIEI;(15)
143;Gerrie;Payson;LCC;(10,11,13,7,0)
196;Lyssa;Bethany;MIEFIS;(10)
522;Lusa;Cutlerr;MIEFIS;(17,3,6)
728;Lory;Rad;MIEFIS;(16,8,1,7,0)
235;Collen;Dex;MIEI;(11,4,1)
679;Angela;Alwin;MIEFIS;(11,12,13,12,10,5)
905;Ira;Pitt;MIEI;(6,2)
864;Joceline;Ariella;MIEFIS;(0,17,1,8,13)
182;Georgetta;Soneson;MIEI;(13,11)
114;Therine;Philoo;MIEFIS;(2,10,15,14,12,19)
582;Tiffie;Bahr;MIEI;(5,6,17,18)
647;Zaria;Sawtelle;LCC;(16,12,4,18,10)
375;Gerianna;Toor;LCC;(18,11,6,11,19,17)
534;Kalina;Kaja;MIEI;(16,5,5,2,16)
648;Sidoney;Wiener;LCC;(10,10,17,5)
674;Dianemarie;Honoria;LCC;(19,4,16,16,1,7)
967;Lizzie;Rese;MIEFIS;(9,4,6,2)
381;Concettina;Colbert;MIEI;(9)
939;Melisent;Keelia;MIEI;(7,8)
527;Ida;Zola;MIEI;(4,19,6,17,15)
828;Gwyneth;Olympium;LCC;(13,4)
965;Mady;Vivle;LCC;(10,5,13,2,2,8)
534;Charmaine;Stuart;MIEFIS;(13,7,3,19,14,16)
300;Caryl;Vittoria;MIEI;(16,0,10,15,18)
389;Celene;Cornelia;LCC;(5,4)
561;Susan;Sophronia;LCC;(2,2,4)
948;Johna;Kaja;MIEFIS;(7)
317;Babita;Baptlsta;MIEI;(18)
776;Nyssa;Maiah;LCC;(17,18)
587;Daune;Markman;LCC;(16,9)
588;Ruthe;Pearse;LCC;(1,7)
730;Jenilee;Dahlia;MIEFIS;(18)
953;Dorthy;Nerita;MIEI;(19,13,2)
210;Ann-Marie;Vacuva;MIEI;(8,4,15,18)
610;Barbara;Haerr;MIEFIS;(2,10,5,8,4,4)
676;Morganica;Durante;LCC;(16,9,11,10,17)
675;Yolane;Lilas;MIEFIS;(0,16)
193;Aurelie;Tippets;LCC;(9,11,4,3)
503;Sissy;Rurik;MIEFIS;(12,18,15)
120;Blinni;Elephus;MIEI;(10,1,3,11,16)
999;Morganica;Pyle;MIEI;(0,16,2,13,1,15)
976;Aubrie;Payson;LCC;(7)
820;Shaine;McLaughlin;LCC;(5,14,8,7,19)
279;Penelopa;Hathaway;MIEI;(18,1,16,5)
513;Vere;Gualtiero;MIEFIS;(1,16)
646;Andeee;Durante;MIEI;(10,19,10,12,15)
453;Celisse;Yuille;LCC;(13,1)
211;Aimil;Bonilla;MIEI;(4,11,16,17,8,19)
820;Demetris;Ovid;MIEI;(1,0,14,12,3)
559;Phedra;Abernon;MIEI;(18)
371;Cyb;Japeth;LCC;(6,15)
393;Dione;Wilona;MIEFIS;(14,1,16,6,12)
574;Wilma;Magdalen;LCC;(14,9,4,16)
297;Aryn;Viddah;LCC;(16,12,18)
640;Emelina;Modie;LCC;(15,0)
613;Arlena;Chapland;LCC;(14,9,4,0,11,10)
958;Danika;Thunell;MIEI;(19,4,3,0,6,10)
485;Collen;Ball;LCC;(10,16,15,4,10,12)
864;Cecile;Felecia;MIEI;(15,9,0,2,7)
829;Roseline;Millda;MIEFIS;(6,10,14,18,1)
876;Mellicent;Tristram;MIEI;(14,10,9)
652;Nadine;Lindemann;MIEI;(0,19,15)
285;Fernande;Berl;MIEFIS;(17,1)
643;Maurene;Dimitris;MIEFIS;(13,14,7,3)
432;Gerianna;Baudin;LCC;(2,1)
784;Gisela;Warthman;MIEI;(11,18,6,16,8)
535;Alleen;Toor;LCC;(9,6)
289;Catharine;Stuart;MIEFIS;(18,8,6,4,2,18)
797;Ronna;Tippets;MIEFIS;(2,3,3,14)
160;Stacey;Bonucci;LCC;(11,17,10,15,2,2)
195;Berget;Denis;MIEI;(0,10,13,14,7,6)
802;Lanna;Odysseus;LCC;(7,19,6,11,11)
408;Laurene;Harday;MIEI;(17,19,0)
165;Sara-Ann;Screens;MIEI;(6,15,5,11,13,10)
116;Zsa Zsa;Graig;MIEI;(2,9,14,19,4)
811;Modestia;Kalinda;MIEI;(10,13,8,3,18,3)
823;Merci;Brittani;MIEFIS;(6,16)
765;Flo;Elsinore;MIEI;(7,10,7,6,4,2)
670;Willetta;Olnee;MIEFIS;(17,17,16)
243;Lorie;Ferino;MIEFIS;(4,6,2,5,11)
885;Jaclyn;Killigrew;MIEI;(2,9,6,6,8,7)
848;Darlleen;Ietta;LCC;(3,13,0,8)
829;Beverley;Laurianne;LCC;(10,4,18,0,12,5)
690;Ernesta;Si;MIEFIS;(8,5,2,12,0,15)
150;Di;Ariella;MIEFIS;(4)
660;Tera;Mitzi;MIEFIS;(10)
137;Shandie;Willie;LCC;(15,15)
469;Ninnetta;Ade;MIEFIS;(7,0,4,15)
579;Laure;Flita;LCC;(2,7,1,19,6)
492;Mariann;Tufts;MIEFIS;(14,14,8,6,5)
943;Stephanie;Hamil;MIEFIS;(1,16,7,9,5,9)
180;Audrie;Engdahl;MIEFIS;(9)
110;Dyann;Aida;MIEI;(18,1,0)
712;Georgetta;Koehler;MIEI;(11,11,9,18,11,5)
273;Kara-Lynn;Adrienne;MIEFIS;(16,11,1,8)
203;Shaylyn;Lattie;LCC;(7,7,14,13)
545;Ruthe;Durware;MIEFIS;(7,9,8,12,5,14)
746;Priscilla;Tatianas;MIEFIS;(10,16,7)
649;Ilse;Rudolph;MIEFIS;(7,7,6,1)
702;Kara-Lynn;Bashemeth;MIEFIS;(12,4,16,17,2)
532;Aimil;Tayib;MIEFIS;(5,0,14,1)
517;Helena;Sheng;MIEFIS;(3,12,6)
917;Peri;Jethro;MIEFIS;(6,17,5,14,17)
339;Oralee;Thunell;MIEFIS;(19,3,7,15,17)
617;Dotty;Ledah;LCC;(19,5,2,13)
932;Doro;Sibyls;MIEI;(13,5,16,14)
272;Sissy;Donoghue;LCC;(14,16,12,5)
866;Cherrita;Durante;MIEFIS;(19,7,5,18,11,8)
704;Lila;Revkah;MIEFIS;(3,4,12)
614;Ida;Gualtiero;MIEFIS;(0,7)
751;Gratia;Jillane;LCC;(10,18)
283;Allis;Amand;MIEI;(15,17,4,18,16)
906;Barbara;Iiette;MIEI;(16,16,8,1,5,5)
995;Lory;Albertine;MIEFIS;(8)
143;Hettie;Mayeda;LCC;(9,19,4,15)
753;Harmonia;Atonsah;MIEFIS;(14,5,3)
456;Molli;August;MIEFIS;(19)
506;Helsa;Bergman;MIEI;(3,11,0,19,1)
957;Kathy;Dunkin;MIEI;(19,8,8,15,5,16)
581;Sindee;Zeeba;MIEFIS;(8)
849;Hope;Saunderson;LCC;(14,19,18,10)
619;Ginnie;Sperling;MIEI;(8,19,3)
131;Lucille;Lindemann;MIEI;(3,2,0,6)
455;Roseline;Phaidra;LCC;(15,10,19,7)
941;Ericka;Clara;MIEFIS;(13)
167;Mamie;Mehalek;MIEI;(9)
324;Lucy;Tayib;MIEI;(6,10)
477;Belinda;Arvo;MIEI;(15)
240;Meghann;Gino;MIEI;(0,7,1)
459;Margalo;Raseda;LCC;(9,0,16)
799;Corry;Orlene;LCC;(10,7)
690;Nita;Adalbert;MIEFIS;(15,11)
628;Carmencita;Roche;MIEI;(12,4,19)
332;Viviene;Libna;MIEI;(11)
550;Dulce;Elo;MIEI;(2,17,5,4)
651;Bobinette;Thema;LCC;(16,4)
886;Monika;Vittoria;MIEFIS;(0)
311;Ayn;Aida;MIEI;(2,13)
818;Eadie;Kesley;LCC;(18,1,18,14)
161;Tori;Colyer;MIEFIS;(10,15,6,6,1)
893;Bernardine;Mintz;LCC;(2,19,16,3)
715;Laure;Pacorro;MIEFIS;(14,18,17,4)
591;Pierette;Sawtelle;MIEFIS;(8,7,13,0)
950;Aigneis;Cath;LCC;(12,0,18,10,6,10)
273;Rani;Destinee;MIEFIS;(16,14,10,7,11,1)
668;Roslyn;Teddman;MIEFIS;(10,11,2,11,16)
492;Annaliese;Berl;MIEI;(19,14,19)
741;Roberta;Urias;MIEFIS;(1,11,13,13,19)
193;Carolina;Goerke;LCC;(8)
944;Lacie;Rosemary;MIEI;(6,9,15,17)
261;Maisey;Ralfston;MIEFIS;(15)
713;Claresta;Modie;MIEI;(0,7,9,0)
440;Helsa;Ruvolo;MIEI;(8,1)
734;Shaine;Gwenore;LCC;(4,6,16,4)
533;Beth;Jacqui;LCC;(2,1,0,4,0,13)
595;Robbi;Constancy;MIEI;(12)
156;Bernie;Sawtelle;MIEFIS;(10,17,10)
384;Calla;Marlie;MIEFIS;(11,7)
751;Blinni;Jefferey;MIEFIS;(0,5,1)
775;Agnese;Gombach;LCC;(8,19,15,12,17,19)
922;Melodie;Giule;MIEI;(17,0,1,3,3,11)
419;Ursulina;Medrek;LCC;(7)
577;Georgetta;Girardo;MIEFIS;(10,11)
720;Nanete;Fancie;MIEFIS;(6,12,11,0,2)
376;Inga;Aurelio;MIEI;(7)
690;Dorene;Rossner;MIEFIS;(14)
524;Kary;Tayib;LCC;(1)
567;Willetta;My;MIEFIS;(3,13,8,5,19)
479;Janenna;Mintz;MIEI;(7)
141;Joleen;Brieta;LCC;(12)
384;Binny;Fairweather;MIEI;(19,1,19,9)
838;Jerry;Saint;LCC;(18,6,10)
765;Nariko;Rurik;MIEI;(14,10,11,1,13)
379;Modestia;Marcellus;MIEI;(8,13)
624;Marika;Bonilla;MIEFIS;(8,17)
993;Cordi;Germann;LCC;(13)
803;Orsola;Stephie;MIEI;(9,0,3,0,3,2)
835;Magdalena;Henrie;MIEI;(17,6,18,3)
486;Jordan;Vanni;MIEFIS;(8,4)
894;Lorne;Noelyn;MIEFIS;(13,19,15)
721;Emelina;Gabrielli;MIEI;(9,17,11,6,15)
349;Estell;Gibbeon;LCC;(9,2,18)
452;Gavrielle;Behre;LCC;(19,11)
954;Laurene;Harriman;MIEFIS;(1)
881;Carol-Jean;Ovid;MIEI;(8,6,0)
173;Jolyn;Ax;MIEFIS;(8,13,16)
930;Ana;McLaughlin;LCC;(1,14,16,0,6)
456;Jillayne;Lucienne;MIEI;(8)
426;Rebeca;Isacco;MIEFIS;(2,14,9,15,18,11)
678;Hallie;My;MIEI;(16)
532;Emelina;Philipp;MIEI;(6,16,5)
142;Elmira;Holbrook;LCC;(11)
724;Atlanta;Wilona;LCC;(18,16,18)
201;Joy;Francyne;MIEI;(5,2,9,10,12)
383;Gusella;Gale;MIEFIS;(18,11)
529;Lelah;Duwalt;MIEFIS;(6)
901;Gertrud;Goth;LCC;(1,8,6)
411;Mary;Louanna;MIEI;(1,7)
215;Xylina;Roscoe;LCC;(6,11,4,14,9,17)
912;Elise;Wu;LCC;(17,6,17)
483;Eolanda;Trace;MIEI;(12,11)
547;Noelle;Winnick;MIEI;(15,10,15)
127;Sindee;Saunderson;MIEI;(5,5,14,1,3)
147;Bobinette;Engdahl;LCC;(16,11,19,11)
443;Elvira;Jess;LCC;(2,19,15,0)
389;Maridel;Gower;MIEI;(2,1,6,15)
980;Karlee;Baudin;MIEFIS;(7,19,11,7,10,5)
186;Esmeralda;Schwejda;MIEFIS;(8,0)
170;Leanna;Loring;MIEI;(5,10)
128;Misha;Corrine;MIEFIS;(0,8,10,9,0)
751;Karly;Ambrosia;MIEI;(15,18)
132;June;Joli;MIEI;(8,19,0,11,9)
846;Catharine;Jillane;LCC;(15)
486;Danika;Ezar;MIEI;(2,12,10)
358;Harrietta;Adamsen;LCC;(0,4,3,17,2)
210;Jacquetta;Radu;MIEI;(15,19,12,8,19)
849;Doro;Bryna;MIEI;(7,5,3,16,12)
431;Renie;Maisey;LCC;(12,14)
847;Deane;Freddi;MIEI;(12)
821;Mady;Constancy;MIEFIS;(12)
432;Lucille;Pettiford;MIEFIS;(9,13,3,9)
691;Nita;Egbert;MIEFIS;(2,16,2,16,12,10)
214;Viki;Peg;LCC;(3,4,2)
950;Moyna;Fancie;MIEFIS;(6,10,15,8,0)
551;Cissiee;Shama;MIEFIS;(11)
348;Maridel;Goerke;MIEFIS;(5,7,18)
862;Antonietta;Roche;MIEFIS;(4,7,13)
929;Gerrie;Pierette;MIEFIS;(1)
549;Aigneis;Sperling;LCC;(11,0,1,13,5,15)
313;Beverley;Erich;MIEI;(14,2,14,13,9,5)
457;Hayley;Scammon;MIEI;(5,3,14)
474;Libbie;Klemperer;LCC;(19,18,8)
428;Lulita;Marden;MIEFIS;(9)
701;Willetta;Kirbee;LCC;(11,9,18,4,2)
151;Morganica;Amand;MIEI;(4,16)
325;Gilda;Dulciana;LCC;(7,2,18)
168;Harmonia;Orlene;MIEI;(18,7,14,16)
793;Joceline;Xerxes;MIEI;(10,0,6,11,3)
985;Ingrid;Regan;MIEFIS;(5,6,18,6,18,2)
229;Maisey;Wattenberg;MIEFIS;(18,11,14)
455;Berget;Douglass;MIEFIS;(13,15,0,13,10)
822;Vere;Reidar;MIEI;(6)
413;Gwyneth;Kolnick;LCC;(2,6)
949;Ricky;Forrer;MIEI;(3,5,17)
331;Mallory;Jarib;MIEFIS;(6,11,8)
225;Minda;Daniele;MIEFIS;(2,17)
140;Vivia;Douglass;LCC;(16,6,12,3,4,1)
166;Sarette;Rad;MIEI;(18,10,7)
366;Bettine;Corilla;MIEFIS;(0,11,8,3,3)
320;Kelly;Merat;MIEFIS;(5,11,3,8,5)
795;Margalo;Dunkin;MIEFIS;(13,5)
673;Arlina;Olin;MIEI;(17,8,5,2,3)
971;Rosene;Kosey;MIEI;(8,8,8,8,7,4)
501;Dominga;Hermes;MIEFIS;(9,0,19,4,12,16)
892;Amalie;Carmena;MIEI;(11)
156;Demetris;Vernier;LCC;(15,5,4,2,4)
777;Cherrita;Engdahl;LCC;(14,7,0,2)
917;Pierette;Gale;MIEFIS;(2,8,19,6)
461;Joane;Bettine;MIEFIS;(5,6,15,19)
254;Melanie;Lanita;LCC;(8,4,2,10,3,19)
954;Nita;Graig;LCC;(9,16,3,7,19)
246;Justinn;Hazlett;MIEFIS;(5,13,0,6)
545;Roseline;Hedve;MIEI;(6,14)
580;Gale;Ietta;MIEFIS;(19,3,2,0,1,2)
665;Frances;Morehouse;MIEI;(17,0,6,19)
930;Kamilah;Sammons;MIEFIS;(18,7,14,1,2)
648;Daune;Brenn;LCC;(17,0)
621;Alejandra;Salvidor;MIEI;(19,13,0,7,18)
473;Nicoli;Heisel;MIEFIS;(18)
764;Jacquetta;Jammal;LCC;(5,16,2)
435;Tarra;Schonfeld;MIEFIS;(19)
880;Tonia;Claudine;MIEI;(15,3,7,8)
283;Clary;Bettine;MIEFIS;(4,13,2,0)
307;Damaris;Cottle;MIEI;(6,6,7,18,7,18)
778;Donnie;Freddi;MIEI;(13,1)
205;Gretal;Bach;MIEI;(8)
843;Winny;Brittani;MIEFIS;(13,14,19,4,0,11)
870;Jenda;Reidar;MIEI;(0,5,9,1)
433;Chandra;Skell;MIEFIS;(2,10)
885;Tabbatha;Joachim;MIEI;(15)
743;Audrie;Annice;MIEI;(16,4,6,4,12)
463;Norine;Ardeha;LCC;(1,13)
712;Fred;Ogren;LCC;(0,10,5,7,7)
110;Wendi;Bakerman;MIEI;(17,17)
817;Mariann;Korey;LCC;(13)
635;Gale;Maryanne;LCC;(15,7,6,15)
258;Evita;Katrine;LCC;(16)
861;Olwen;Lindemann;MIEI;(1,16,18,14,15)
194;Ricky;Ludewig;MIEI;(1)
265;Patricia;Wenoa;LCC;(16,10,0,4,2,6)
431;Carol-Jean;Ariella;LCC;(18)
127;Max;Wu;MIEI;(18,6,4)
265;Brianna;Desai;MIEFIS;(4)
932;Lucy;Berne;LCC;(18)
774;Liana;Infield;MIEI;(17,19,14,14)
561;Romona;Ogren;MIEFIS;(2,11)
878;Janis;Anis;MIEI;(19,11)
740;Basia;Haldas;LCC;(16,7,12,6,2)
995;Andree;Weaks;MIEI;(0,5,0)
977;Kassey;Claudine;LCC;(4,5,10,12,5)
830;Karolina;Raychel;MIEI;(8,8,12,17)
437;Ellette;Fontana;MIEI;(19,4)
938;Aurore;Vanni;MIEFIS;(8,1,12)
739;Violet;Azeria;MIEFIS;(15,6)
171;Lesly;Fosque;MIEI;(4,14,8,12,14)
425;Candi;Timon;MIEFIS;(1,1,1,11,12,15)
366;Sharai;Loleta;MIEI;(19)
825;Gwenneth;Gamaliel;MIEFIS;(6,9,5)
923;Cordi;Freddi;MIEFIS;(5,5,10)
776;Malina;Voletta;MIEFIS;(4,17,7,0,4)
809;Hallie;Gale;LCC;(9,19)
518;Siana;Adlare;LCC;(8,1,13,18,1)
314;Nonnah;Mozelle;MIEFIS;(7,7,10)
820;Leeanne;Tippets;MIEI;(10)
449;Kara-Lynn;Ciro;MIEI;(6,4,13,7)
577;Theodora;Alrich;MIEFIS;(19,7,16,2)
774;Thalia;Olin;MIEI;(4,8,19,12,5)
717;Halette;Capello;LCC;(7)
428;Allyce;Bluh;MIEFIS;(10,17,18)
588;Ardeen;Nedrud;MIEFIS;(10,13,8)
433;Krystle;Garbe;MIEI;(6,8,17)
550;Bernardine;Gaynor;MIEFIS;(10,8,2)
738;Bee;Melony;MIEI;(8,2,18)
649;Annecorinne;Nerita;MIEFIS;(10,17,0,14,8)
959;Collen;Adrienne;MIEI;(19,16,3,11,9,5)
513;Ericka;Estella;LCC;(2,6)
920;Blake;Ellord;MIEI;(4,7,6)
792;Olwen;Bethany;LCC;(14,7,14,8)
290;Roseline;Halsey;LCC;(9,18)
850;Wileen;Helve;MIEI;(15,14,14,0,11)
422;Tarra;Tarrant;LCC;(2,5,3)
960;Mureil;Seessel;LCC;(2,0,8,19)
941;Corly;Garek;MIEI;(15,5,11)
966;Berget;Jarib;MIEFIS;(13,15,12)
612;Glynnis;Edison;LCC;(0)
779;Winny;Juliet;MIEFIS;(19,19,18,6,0,8)
769;Eugine;Sidonius;MIEFIS;(14)
965;Merrie;Abram;MIEI;(7,5,9,11)
298;Kalina;Lareena;LCC;(17,11,3,18,0)
192;Beth;Newell;LCC;(10,4,13,4,4)
521;Ericka;Uird;MIEFIS;(15,19,2,18,3,12)
689;Alleen;Ludewig;MIEFIS;(10,15,8,5)
190;Daryl;Olin;MIEI;(18,8,9,12)
955;Karena;Heidt;LCC;(12,10,18,10)
341;Jaclyn;Ball;MIEI;(17,15,3,18,0)
376;Florie;Ferrell;LCC;(13,19,9,18,1,17)
759;Elmira;Nedrud;MIEI;(3,14,19,8,11,2)
404;Rubie;Brandice;MIEI;(1)
558;Ellette;Telfer;MIEFIS;(15,9)
791;Adelle;Myrilla;MIEFIS;(19,6,19,9,8,5)
674;Edyth;Salchunas;MIEFIS;(4,18,4,10,5)
354;Arabel;Voletta;MIEFIS;(17,3)
346;Ada;Vernier;LCC;(1,8,6,19,15,16)
472;Jessy;Even;MIEFIS;(11,3,11,13,14)
888;Sam;Poll;LCC;(15)
981;Sissy;Pitt;LCC;(2,11,4,2,0,13)
791;Janenna;Jerald;LCC;(2,12,17,8)
133;Hildegaard;Marsden;MIEI;(13,10,1)
570;Drucie;Jenness;MIEI;(9,12,19,11)
371;Mignon;Cordi;MIEI;(4,5)
154;Ginnie;Radu;MIEFIS;(13,7,6)
730;Nananne;Gemini;MIEFIS;(7,10,5,10,13,8)
633;Priscilla;Neils;MIEI;(2,9,7,16)
277;Camile;Docilla;MIEFIS;(9,11,17,0)
460;Nananne;Lane;MIEI;(7,16,10)
703;Kayla;Henrie;MIEI;(3,10,19,0)
686;Correy;Warthman;LCC;(6)
610;Marsiella;Dominy;LCC;(7,16,15,0,14)
659;Aaren;Cloris;MIEI;(9,2,1,2,2)
400;Mathilda;Wenda;LCC;(9,13,6,15,14,18)
392;Ericka;Mitzi;MIEFIS;(12,18,15)
648;Basia;Bethany;MIEI;(13)
108;Angelique;Kellby;MIEI;(16,10,7,9)
561;Linet;Monaco;LCC;(4)
368;Brietta;Lanita;LCC;(12,4,13)
299;Rozele;Robertson;MIEI;(6,16,2,17,14,6)
584;Maud;Carlson;MIEI;(7,3)
855;Joy;Guthrie;LCC;(7,6,19,13,10,19)
194;Trixi;Richers;MIEFIS;(19,4)
220;Angelique;Obed;LCC;(15,6,8,6)
910;Paola;Deegan;MIEFIS;(1,5,8,15)
349;Estell;Valerio;LCC;(4,10,7)
264;Amelia;Bertold;MIEI;(0,15,6,0,1)
601;Nyssa;Klemperer;LCC;(14,5,16,3,7)
444;Orelia;Zina;MIEI;(4,14,1)
619;Fred;Halla;LCC;(19,4,4,15,8,3)
245;Kathi;Regan;MIEFIS;(12,8)
830;Frank;Oster;LCC;(11,7,10,1,4,10)
966;Cyndie;Billye;MIEFIS;(14,16,15)
672;Fernande;Sundin;MIEI;(17,18,19,9,5)
302;Yolane;Seagraves;MIEFIS;(2)
412;Aubrie;Marlie;MIEI;(10,4,12,3,0,6)
228;Noelle;Glenden;LCC;(11)
693;Elsie;Gaynor;MIEI;(1,14,12)
237;Karly;Goode;LCC;(8,1,2,11,5,5)
876;Addia;Wu;MIEI;(5,18,16,5,4,8)
329;Averyl;Erskine;LCC;(14,4,6)
964;Rosabelle;Fancie;LCC;(6,13,0,13,10,8)
237;Natka;Cleo;MIEI;(16,10,7)
306;Hope;Zaslow;LCC;(15,18,0,9)
403;Gilligan;Haerr;LCC;(7,19,16,17)
771;Joceline;Rad;MIEFIS;(10,2,16,13,13,16)
952;Glynnis;Kussell;MIEFIS;(8,17,17)
558;Leontine;Jarib;MIEI;(7,2,11,4,17,9)
957;Blinni;Leary;LCC;(10,15,11,16)
554;Yolane;O'Rourke;MIEI;(2,7,17)
110;Emilia;Keelia;MIEFIS;(4,11)
322;Rani;Arathorn;MIEFIS;(1,7)
286;Bobinette;Seligman;MIEI;(14,7,10,18,19)
857;Goldie;Talia;MIEFIS;(10,13,8,9)
986;Raina;O'Rourke;MIEI;(4,1)
245;Gianina;Shuler;LCC;(15,0,15,17)
494;Rochette;Newell;MIEI;(16)
628;Frances;Flita;LCC;(6,7,14,0,1,8)
286;Elfreda;Erlandson;MIEFIS;(4,17,9)
742;Goldie;Ophelia;MIEFIS;(12)
372;Meghann;Thema;MIEI;(17)
616;Corry;Raseda;MIEI;(13,6)
234;Gilligan;Simmonds;MIEI;(11,1,0,16,0)
247;Jsandye;Read;MIEFIS;(18,4,8,9)
812;Cacilie;Hortensia;MIEFIS;(2,13,11,13)
479;Winifred;Ciapas;MIEI;(13,2,18,1)
793;Amelia;Goerke;MIEI;(13,7)
204;Tori;Alice;MIEI;(5,18,11,7)
653;Lanae;Gilbertson;MIEI;(17)
230;Brianna;Jalbert;MIEFIS;(5,2,8,19,12,18)
809;Harrietta;Love;MIEI;(3,13,19,11,10)
703;Sonni;August;MIEFIS;(14,0,2,10,7,19)
415;Jorry;Seumas;LCC;(16,7,3,6,12)
203;Ivett;Yoko;MIEI;(3,12)
107;Angela;Breed;MIEFIS;(2,13,10,12)
521;Sandie;Tristram;MIEFIS;(15,1,1,11,8,19)
231;Celestyna;Phi;MIEFIS;(2,6,10,6,17)
209;Moyna;Rudolph;MIEFIS;(9,11)
524;Fina;Neils;MIEFIS;(7)
894;Selia;Bebe;MIEI;(15,16,19)
386;Cacilie;Maisey;MIEFIS;(15,2,10,6)
777;Eugine;Zaslow;MIEI;(6,13)
120;Yvonne;Mich;MIEI;(17,5)
614;Shaine;Allys;MIEFIS;(9,16,4,0,19)
319;Bernie;Moseley;MIEI;(11,6)
902;Millie;Giule;MIEFIS;(13,14)
565;Christian;Guthrie;LCC;(2,11,12)
112;Chrystel;Gwenore;MIEI;(3,11,1,6,0,4)
427;Nyssa;Daveta;MIEI;(13,16,9,0,15,3)
481;Phylis;Revkah;LCC;(2,17,17,3,7)
849;Rivalee;Seumas;MIEFIS;(4,6,9,10,8)
516;Raina;Teddman;MIEFIS;(2,11,2)
958;Darlleen;Faro;MIEI;(12,8)
617;Kirstin;Hunfredo;MIEFIS;(7,8)
291;Jan;Valoniah;LCC;(0,5,5,6)
295;Candi;Jarib;LCC;(3)
137;Annaliese;Hylan;MIEI;(18,0,15,10)
299;Steffane;Edison;MIEI;(2,14,8,10,4,4)
505;Tracey;Fiann;LCC;(1,17,16,10,11,10)
475;Feliza;Malanie;MIEI;(14,15)
102;Maisey;Toor;LCC;(4,14,2,0,1,19)
171;Mireielle;Sacken;MIEI;(0,16,7,2)
603;Karlee;Lenny;LCC;(18,13,2)
992;Stephanie;Keily;LCC;(5,1,2,18,6)
314;Fernande;Macey;LCC;(5,19,5,12,17)
216;Arlina;Saunderson;MIEFIS;(9,16)
759;Chrystel;Louanna;MIEI;(1,1)
915;Shannah;Martguerita;MIEFIS;(16,16)
724;Hope;Nore;LCC;(14,17,19,18)
389;Adore;Kalinda;MIEI;(5,1,10,14)
355;Paola;Telfer;LCC;(19,1,5)
549;Ottilie;Bollay;MIEI;(11)
984;Pamella;Couture;LCC;(5,17,10)
409;Tani;Naashom;LCC;(18)
540;Roseline;Keelia;MIEFIS;(1)
102;Olwen;Edison;MIEFIS;(6,6,2,17)
152;Ardenia;Primalia;MIEFIS;(6,16,19,0,5)
701;Dulce;Gaal;MIEFIS;(1)
611;Jenda;Heidt;MIEFIS;(2,15,3)
166;Jinny;Edison;MIEI;(3,3,12,13)
632;Betta;Marijo;MIEFIS;(3,8,19)
567;Selia;Even;MIEI;(0,5,2,14,14,17)
397;Cacilie;Henrie;MIEFIS;(15,18,3)
459;Consuela;Bahr;MIEI;(9,11,2,0)
600;Consuela;Belldas;MIEFIS;(0,16)
563;Tilly;Hanshaw;MIEI;(14,1,15,2)
766;Lulita;Nance;LCC;(18,2,17,11,4,15)
147;Nelle;Lowry;LCC;(12,9,7,0)
948;Britte;Nore;LCC;(9,8,5,6,6,3)
799;Emilia;Wooster;MIEFIS;(7)
460;Hannis;Soneson;MIEFIS;(16)
131;Raina;Verger;MIEI;(11)
931;Bettine;Karna;MIEFIS;(10,10,5,17,14)
504;Gwyneth;Luhe;MIEFIS;(12,7,7)
360;Katleen;Jerold;LCC;(6,6,4,8)
937;Melodie;Stevy;LCC;(6,12)
214;Vevay;Kolnick;MIEFIS;(2,6,19,4,12,10)
772;Sandie;Parsaye;LCC;(13,0,11,16,7)
777;Willetta;Medrek;LCC;(1,7,14,13)
664;Dulcinea;Land;MIEFIS;(3)
759;Feliza;Rodmann;MIEFIS;(10,5,15,14)
226;Basia;Ietta;MIEFIS;(1)
461;Mureil;Luhe;MIEI;(19)
753;Rochette;Joachim;MIEI;(9,1,6)
329;Monika;Bebe;MIEI;(19,12,10,16,17)
208;Deloria;McClimans;LCC;(19,5,1,1,16,9)
951;Marcelline;Bonucci;LCC;(16,1,0)
397;Giustina;Bakerman;MIEFIS;(13,12,4)
735;Heddie;Septima;MIEI;(19,0,15,7)
940;Marguerite;Tippets;LCC;(13,4,7)
651;Veda;Donell;MIEFIS;(15,3,9,14,7)
892;Dagmar;Richers;LCC;(7,1,6,2)
716;Arlina;Thad;MIEFIS;(16,11,0,3,17)
689;Jinny;Sadowski;LCC;(5,13,11)
460;Binny;Creamer;MIEI;(0,19)
915;Renae;Wiener;MIEI;(3,3,5,18)
771;Andree;Sherrie;MIEI;(19)
481;Maurene;Sigfrid;LCC;(17,9,4,2,13)
875;Clo;Ietta;MIEI;(3,6,12,14)
197;Alejandra;Gordon;MIEFIS;(6,6,17,7,14)
401;Melanie;Ovid;LCC;(1,8,11,5,19,12)
885;Raf;Ader;MIEI;(15,8,19,2,4)
778;Sean;Hourigan;LCC;(4)
868;Ermengarde;Reneta;MIEI;(14,0,1,13)
568;Wilma;Joli;LCC;(18,17)
401;Dawn;Joni;MIEFIS;(16,7,10)
444;Gerianna;Ellord;MIEI;(4,15,18)
875;Rhoda;Philoo;LCC;(2)
492;Joelly;Nore;LCC;(2,6,2,3)
310;Celisse;Delacourt;LCC;(3,13,12,8)
731;Frieda;Abbot;LCC;(17)
771;Frieda;Konyn;MIEFIS;(4,15)
892;Stevana;Loring;MIEI;(6,15,14,3,13)
829;Dione;Skurnik;LCC;(15,15,6)
985;Wilma;Magdalen;MIEI;(16,1,2)
249;Maryellen;Edmund;MIEI;(1,4,6,0,10,11)
850;Sharlene;Bennie;LCC;(11,8)
882;Kenna;Reidar;MIEI;(0,12,16)
252;Patricia;Lalitta;MIEFIS;(18,17)
974;Sissy;Prober;MIEFIS;(18,5)
134;Violet;Monk;LCC;(15,4,3)
145;Ana;Stoller;MIEFIS;(14,14,2,6)
488;Fawne;Sabella;MIEI;(4,1)
106;Allis;Ingra;LCC;(18,8)
107;Cam;Melony;MIEI;(3,12,8,19)
779;Malina;Gaynor;LCC;(14,6)
383;Janey;Demitria;MIEFIS;(18,15)
787;Codie;Yusuk;MIEI;(5,1,4,4,12)
281;Shell;Fredi;MIEI;(16,8,5,11,10)
235;Chere;Soneson;LCC;(12,15,4)
101;June;Fadiman;MIEI;(16,0)
371;Nanete;Gwenore;LCC;(9)
475;Brena;Wu;LCC;(0)
841;Danika;Dorcy;LCC;(5,10,10,15,15,2)
646;Harrietta;Stanwood;MIEFIS;(8,0)
252;Teddie;Roscoe;MIEI;(17,4,17,3,1,0)
948;Vanessa;Stacy;MIEI;(17,4,9,0,18)
670;Tamqrah;Gerge;MIEFIS;(7,6,16,6,18)
872;Phedra;Mintz;MIEFIS;(2)
935;Jinny;Madaih;LCC;(6,8,14)
283;Ilse;Saree;MIEFIS;(19,3,2,1,9)
212;Kelly;Hepsibah;LCC;(3)
613;Rosanne;Auberbach;LCC;(13,5,7,2)
669;Devina;Khorma;MIEFIS;(6)
309;Mady;Weide;MIEI;(13,1,10,19)
102;Tabbatha;Myrilla;MIEI;(3)
554;Riannon;Mozelle;LCC;(0,9,10,2)
397;Heddie;Baudin;MIEFIS;(13)
543;Jsandye;Cullin;LCC;(0,3)
772;Mary;Harl;MIEI;(8,2,5,7,16)
781;Morganica;Lorenz;MIEFIS;(6,2,13)
766;Merry;Leopold;MIEFIS;(10,7,10,4)
900;Evaleen;Hoban;LCC;(19,4)
348;Melodie;Bakerman;MIEI;(16,11,15,2)
368;Evaleen;Hirsch;LCC;(5)
526;Briney;Romelda;MIEFIS;(19,17)
886;Shell;Donoghue;MIEFIS;(8,12,15)