numero;primeiroNome;ultimoNome;email;curso;notas*sum
511;Merrie;Deny;Merrie.Deny@gmail.com;LCC;(5)
462;Eolanda;Merell;Eolanda.Merell@gmail.com;LCC;(10)
982;Cherrita;Honoria;Cherrita.Honoria@gmail.com;MIEFIS;(3,2,17)
366;Ottilie;Dominy;Ottilie.Dominy@gmail.com;MIEI;(12)
551;Dorice;Hamil;Dorice.Hamil@gmail.com;MIEFIS;(8,11,18,13,15)
134;Deedee;Anton;Deedee.Anton@gmail.com;LCC;(10,2,15,4,13,18)
139;Madelle;Dash;Madelle.Dash@gmail.com;MIEFIS;(18,11)
616;Livvyy;Bryna;Livvyy.Bryna@gmail.com;LCC;(7)
560;Suzette;Mallon;Suzette.Mallon@gmail.com;MIEI;(13,14,18,11)
675;Dolli;Eiser;Dolli.Eiser@gmail.com;MIEI;(12,19,14,11,9)
840;Ginnie;Demitria;Ginnie.Demitria@gmail.com;LCC;(19,17,2,0)
338;Agathe;Eliathas;Agathe.Eliathas@gmail.com;MIEFIS;(18,10,8,18)
771;Gratia;Narton;Gratia.Narton@gmail.com;LCC;(15,18,4,19,12,3)
127;Clarice;McCutcheon;Clarice.McCutcheon@gmail.com;LCC;(5,8,0,1,10,10)
276;Eadie;Lory;Eadie.Lory@gmail.com;MIEI;(9,19,1,6,14)
598;Annora;Douglass;Annora.Douglass@gmail.com;MIEFIS;(4,3,7,5)
996;Mady;Dex;Mady.Dex@gmail.com;LCC;(10,15,11,6)
868;Edith;Toni;Edith.Toni@gmail.com;LCC;(12,6,12,18,1)
626;Hope;Pyle;Hope.Pyle@gmail.com;MIEFIS;(0,16,14,17,15,8)
208;Ninnetta;Chandler;Ninnetta.Chandler@gmail.com;MIEFIS;(4,5,1,6,13)
111;Dianemarie;Connelly;Dianemarie.Connelly@gmail.com;MIEI;(0,8,3,4,10)
717;Gilda;Pierette;Gilda.Pierette@gmail.com;MIEFIS;(7,8,11,16)
116;Tiffie;Sisile;Tiffie.Sisile@gmail.com;MIEFIS;(13,14,7,18,8)
746;Maud;Buckler;Maud.Buckler@gmail.com;MIEI;(6,15)
347;Ayn;Shama;Ayn.Shama@gmail.com;MIEI;(14,2,18,1,10,16)
579;Britte;Chesna;Britte.Chesna@gmail.com;LCC;(0,18,19,19)
782;Ida;Magdalen;Ida.Magdalen@gmail.com;MIEI;(5,16,7,15,11,1)
820;Meriel;Leifeste;Meriel.Leifeste@gmail.com;MIEI;(11,17,11)
158;Jennica;Ardra;Jennica.Ardra@gmail.com;MIEFIS;(10,9,5,1,16)
282;Dorthy;Gillan;Dorthy.Gillan@gmail.com;LCC;(16,15,9,0,14)
373;Brandise;Alisia;Brandise.Alisia@gmail.com;MIEFIS;(12,19,3,10,18,13)
767;Hettie;Brandice;Hettie.Brandice@gmail.com;MIEI;(12,5,16,10,13)
301;Starla;Mendez;Starla.Mendez@gmail.com;LCC;(12)
390;Lindie;Daegal;Lindie.Daegal@gmail.com;MIEI;(9)
422;Aryn;Fax;Aryn.Fax@gmail.com;MIEI;(15,7,11,14)
670;Camile;Blake;Camile.Blake@gmail.com;MIEI;(13,9,0,13)
106;Shell;Odell;Shell.Odell@gmail.com;LCC;(2,13,11,2)
792;Dianemarie;Stephie;Dianemarie.Stephie@gmail.com;MIEFIS;(5,16)
149;Nollie;Mathilde;Nollie.Mathilde@gmail.com;MIEI;(16,2,9,5,9)
959;Sybille;Wesle;Sybille.Wesle@gmail.com;MIEFIS;(4,19,17,15,16)
940;Ethel;Kauppi;Ethel.Kauppi@gmail.com;MIEI;(10)
221;Georgina;Brady;Georgina.Brady@gmail.com;LCC;(14,14,0,11)
663;Jobi;Donoghue;Jobi.Donoghue@gmail.com;LCC;(13,15,0,19)
618;Goldie;Fry;Goldie.Fry@gmail.com;LCC;(4,12,13)
752;Luci;Peti;Luci.Peti@gmail.com;MIEI;(19,19,6,10,15,0)
533;Bobinette;Orlene;Bobinette.Orlene@gmail.com;LCC;(9,13,4,13)
579;Sibella;Bahr;Sibella.Bahr@gmail.com;LCC;(12,13,8,16)
606;Cassandra;Amand;Cassandra.Amand@gmail.com;MIEI;(1,13,11,15,11)
108;Sharlene;McAdams;Sharlene.McAdams@gmail.com;LCC;(2,15,0,5)
208;Gwenneth;Sallyann;Gwenneth.Sallyann@gmail.com;LCC;(11,12,7)
858;Frank;Leary;Frank.Leary@gmail.com;MIEI;(12,11,10,14,9)
772;Margette;Gladstone;Margette.Gladstone@gmail.com;MIEI;(11,4,19)
205;Donetta;Susannah;Donetta.Susannah@gmail.com;LCC;(2,17,18,6,15)
389;Arlina;Latini;Arlina.Latini@gmail.com;MIEFIS;(4,1,15,4,13,11)
745;Dagmar;Sperling;Dagmar.Sperling@gmail.com;MIEFIS;(10,12,10,11,3,4)
301;Korrie;Ardeha;Korrie.Ardeha@gmail.com;MIEFIS;(6,13)
839;Lila;Modie;Lila.Modie@gmail.com;MIEFIS;(4)
793;Ezmeralda;Goode;Ezmeralda.Goode@gmail.com;MIEFIS;(11)
658;Nerta;Faro;Nerta.Faro@gmail.com;LCC;(18,18,2,17,8)
491;Jenilee;Dosia;Jenilee.Dosia@gmail.com;MIEFIS;(6,2)
717;Susette;Nance;Susette.Nance@gmail.com;LCC;(7,0,8,13)
907;Ardeen;Hunfredo;Ardeen.Hunfredo@gmail.com;MIEFIS;(4,6,2,3,7,2)
588;Jennica;Clarissa;Jennica.Clarissa@gmail.com;MIEI;(8,19,13,14)
778;Dawn;Payson;Dawn.Payson@gmail.com;MIEFIS;(9,12,16,4)
198;Berget;Sheedy;Berget.Sheedy@gmail.com;LCC;(9,1)
441;Flo;Montgomery;Flo.Montgomery@gmail.com;MIEFIS;(17,10,15)
286;Jean;Ortrude;Jean.Ortrude@gmail.com;MIEI;(2,5,0,2)
915;Codie;Bethany;Codie.Bethany@gmail.com;MIEFIS;(0,5,16,18,13)
991;Celene;Howlyn;Celene.Howlyn@gmail.com;LCC;(3,8,18,10,8)
485;Ilse;An;Ilse.An@gmail.com;LCC;(19,17,18,9,3)
290;Karlee;Alfons;Karlee.Alfons@gmail.com;LCC;(9,9,11,3,10)
558;Rosanne;Penelopa;Rosanne.Penelopa@gmail.com;LCC;(2,6,7)
743;Keelia;Henebry;Keelia.Henebry@gmail.com;MIEFIS;(13,10,4,8)
815;Cecile;Kendrick;Cecile.Kendrick@gmail.com;LCC;(14,17,8,19,0,17)
329;Lory;Raseda;Lory.Raseda@gmail.com;MIEI;(15,15,18)
976;Aigneis;Wind;Aigneis.Wind@gmail.com;MIEFIS;(14,0,0)
163;Dulcinea;Andrel;Dulcinea.Andrel@gmail.com;MIEI;(14,14,4)
513;Marnia;Friede;Marnia.Friede@gmail.com;LCC;(3,15,19,7,3,18)
831;Annice;Munn;Annice.Munn@gmail.com;MIEFIS;(15,7,14,11,9,19)
459;Sheelagh;Hanleigh;Sheelagh.Hanleigh@gmail.com;MIEI;(7)
288;Melodie;Gabrielli;Melodie.Gabrielli@gmail.com;MIEI;(6)
895;Starla;Urias;Starla.Urias@gmail.com;MIEI;(11,17,12,0)
819;Shirlee;Kiersten;Shirlee.Kiersten@gmail.com;MIEFIS;(5,19,3,10,6)
906;Kristan;Tomasina;Kristan.Tomasina@gmail.com;MIEI;(5,12,12)
654;Emmey;Jacinda;Emmey.Jacinda@gmail.com;MIEI;(13)
110;Jasmina;Candy;Jasmina.Candy@gmail.com;LCC;(11,11,14,4,10,13)
877;Clo;Zuzana;Clo.Zuzana@gmail.com;MIEFIS;(3,18,0)
930;Evaleen;Carri;Evaleen.Carri@gmail.com;LCC;(12)
156;Maud;Virgin;Maud.Virgin@gmail.com;LCC;(14,15,12,8,18,0)
912;Janenna;Jacqui;Janenna.Jacqui@gmail.com;MIEI;(6,11,4)
430;Blinni;Jacobah;Blinni.Jacobah@gmail.com;MIEFIS;(12,18,13)
564;Fina;Guthrie;Fina.Guthrie@gmail.com;MIEI;(10,8,3,8,9)
664;Daune;Urania;Daune.Urania@gmail.com;MIEFIS;(4,10)
632;Merci;Durante;Merci.Durante@gmail.com;LCC;(3,15,16,2,16,12)
175;Daphne;Byrne;Daphne.Byrne@gmail.com;MIEFIS;(4,16,8,2)
120;Michaelina;Francyne;Michaelina.Francyne@gmail.com;LCC;(0,18,11,4,1,8)
700;Lyssa;Hachmin;Lyssa.Hachmin@gmail.com;LCC;(8,4,17)
324;Ottilie;Riordan;Ottilie.Riordan@gmail.com;MIEI;(13,10,7,10,3)
779;Cristabel;Hebner;Cristabel.Hebner@gmail.com;MIEI;(7,10,17,16,15)
233;Maye;Aaberg;Maye.Aaberg@gmail.com;MIEFIS;(14,16,18)
386;Consuela;Virgin;Consuela.Virgin@gmail.com;LCC;(3,19,11,6)
301;Kristina;Zitvaa;Kristina.Zitvaa@gmail.com;LCC;(12)
599;Dagmar;Mendez;Dagmar.Mendez@gmail.com;MIEI;(4,19,10,6,1)
225;Ardeen;Muriel;Ardeen.Muriel@gmail.com;MIEI;(13,15,10,0)
222;Joelly;Codding;Joelly.Codding@gmail.com;MIEFIS;(8,2,10,7,11)
949;Viviene;Dituri;Viviene.Dituri@gmail.com;MIEFIS;(19)
644;Shandie;Terencio;Shandie.Terencio@gmail.com;MIEFIS;(5,7,12,14,3)
468;Leeanne;Chaing;Leeanne.Chaing@gmail.com;MIEFIS;(6,0)
323;Corly;Abernon;Corly.Abernon@gmail.com;MIEI;(4,2,10)
245;Elbertina;Ahab;Elbertina.Ahab@gmail.com;LCC;(2)
813;Livvyy;Pattin;Livvyy.Pattin@gmail.com;MIEI;(8)
447;Britni;Helve;Britni.Helve@gmail.com;MIEFIS;(6,5,19,3)
557;Chloris;Zina;Chloris.Zina@gmail.com;LCC;(5)
458;Shandie;Secrest;Shandie.Secrest@gmail.com;LCC;(19,10,16,8,9)
795;Helsa;Janith;Helsa.Janith@gmail.com;LCC;(15,18,2,3)
368;Fanchon;Ricki;Fanchon.Ricki@gmail.com;MIEI;(1,8,19,4,7,3)
692;Sissy;Albertine;Sissy.Albertine@gmail.com;LCC;(14,13,17,10,19)
391;Zia;Hamil;Zia.Hamil@gmail.com;LCC;(10,16,8)
494;Roslyn;Delacourt;Roslyn.Delacourt@gmail.com;LCC;(19)
992;Alie;Sothena;Alie.Sothena@gmail.com;MIEFIS;(11,0,10)
517;Joelly;Ammann;Joelly.Ammann@gmail.com;MIEI;(2,10,13)
513;Rori;Lory;Rori.Lory@gmail.com;MIEI;(17,4,11,11,2,11)
642;Ottilie;Rooney;Ottilie.Rooney@gmail.com;MIEI;(9,4,17,9,18)
658;Jemie;Erb;Jemie.Erb@gmail.com;LCC;(13,10)
442;Wendi;Bertold;Wendi.Bertold@gmail.com;LCC;(18,0,14,6)
537;Stevana;Hortensia;Stevana.Hortensia@gmail.com;LCC;(0,3)
296;Valeda;Agle;Valeda.Agle@gmail.com;LCC;(18,18,9)
261;Lily;Naor;Lily.Naor@gmail.com;MIEFIS;(3,18)
784;Dale;Belldas;Dale.Belldas@gmail.com;LCC;(5,11,3,9)
215;Vevay;Prouty;Vevay.Prouty@gmail.com;MIEI;(18,0,5,18,8,19)
737;Joleen;Tayib;Joleen.Tayib@gmail.com;LCC;(5,15,19,7)
980;Eugine;Masao;Eugine.Masao@gmail.com;LCC;(15)
622;Kimberley;Anyah;Kimberley.Anyah@gmail.com;LCC;(19)
580;June;Peti;June.Peti@gmail.com;MIEFIS;(13,5,2,15)
462;Henriette;Kannry;Henriette.Kannry@gmail.com;LCC;(10,1,17,12)
604;Elise;Gordon;Elise.Gordon@gmail.com;MIEFIS;(1,2,5,11,3)
745;Constance;Lattie;Constance.Lattie@gmail.com;MIEI;(15,6,19)
487;Heida;Robertson;Heida.Robertson@gmail.com;MIEFIS;(0,13)
861;Micheline;Francene;Micheline.Francene@gmail.com;LCC;(14,17,3,19)
921;Romona;Clywd;Romona.Clywd@gmail.com;MIEI;(5)
245;Reeba;Fadiman;Reeba.Fadiman@gmail.com;MIEFIS;(8,1,1)
417;Charmaine;Lewes;Charmaine.Lewes@gmail.com;LCC;(16,1,1)
867;Nanete;Lindemann;Nanete.Lindemann@gmail.com;LCC;(18,13,7,11,5)
162;Andree;Harl;Andree.Harl@gmail.com;LCC;(19)
189;Janeczka;Craggie;Janeczka.Craggie@gmail.com;LCC;(9,16,14,15)
365;Phedra;Wu;Phedra.Wu@gmail.com;MIEI;(7,8,11,10)
366;Paule;Sawtelle;Paule.Sawtelle@gmail.com;MIEI;(1,3,3)
278;Blinni;Harned;Blinni.Harned@gmail.com;LCC;(18)
231;Daune;Wolfgram;Daune.Wolfgram@gmail.com;MIEFIS;(4,6)
982;Cherilyn;Chapland;Cherilyn.Chapland@gmail.com;LCC;(7,2,3,6)
815;Georgetta;Vins;Georgetta.Vins@gmail.com;LCC;(0,14,17)
149;Rosene;Gaynor;Rosene.Gaynor@gmail.com;MIEI;(14,8,12)
594;Britni;Iphlgenia;Britni.Iphlgenia@gmail.com;LCC;(8,17,18,9,18)
963;Donetta;Rad;Donetta.Rad@gmail.com;LCC;(10,3)
616;Konstance;Moseley;Konstance.Moseley@gmail.com;MIEFIS;(4)
516;Tamqrah;Publia;Tamqrah.Publia@gmail.com;MIEI;(11,16,0,13)
370;Caryl;Kress;Caryl.Kress@gmail.com;MIEI;(16,7,13,6,15)
287;Janenna;Eben;Janenna.Eben@gmail.com;MIEI;(0,6,19,11,12)
506;Beverley;Tristram;Beverley.Tristram@gmail.com;MIEFIS;(17,19,15,12)
963;Verla;Dorcy;Verla.Dorcy@gmail.com;MIEFIS;(13,2)
906;Lolita;Corabella;Lolita.Corabella@gmail.com;MIEFIS;(12,19,11,3,5,1)
859;Kylynn;Truc;Kylynn.Truc@gmail.com;MIEFIS;(18,18)
819;Alleen;Glovsky;Alleen.Glovsky@gmail.com;MIEFIS;(3,15,5)
297;Lisette;Tacye;Lisette.Tacye@gmail.com;MIEFIS;(7,9,12,5,14)
589;Jenda;Flyn;Jenda.Flyn@gmail.com;MIEFIS;(17,6,16)
933;Ayn;Ahab;Ayn.Ahab@gmail.com;LCC;(3,19,15,7)
844;Willetta;Dunkin;Willetta.Dunkin@gmail.com;MIEI;(9,15)
548;Dede;Obed;Dede.Obed@gmail.com;MIEI;(0)
815;Lorie;Genna;Lorie.Genna@gmail.com;LCC;(18,0,0,14)
291;Dotty;Dearborn;Dotty.Dearborn@gmail.com;MIEFIS;(12,6)
528;Georgina;Ramona;Georgina.Ramona@gmail.com;MIEI;(12,5,11,3,13,5)
936;Krystle;Alcott;Krystle.Alcott@gmail.com;LCC;(15,0,3,10)
681;Di;Trinetta;Di.Trinetta@gmail.com;LCC;(5,16,1)
825;Renie;Simmonds;Renie.Simmonds@gmail.com;LCC;(5,10,15,3)
960;Arlena;Fadiman;Arlena.Fadiman@gmail.com;MIEFIS;(1,6,11)
850;Maurene;Darian;Maurene.Darian@gmail.com;LCC;(13,17,0)
378;Carly;Brunell;Carly.Brunell@gmail.com;LCC;(15,16,10,16)
243;Theodora;Behre;Theodora.Behre@gmail.com;LCC;(13,19,15)
893;Christian;Doig;Christian.Doig@gmail.com;LCC;(6,15,16,6,2,0)
825;Ernesta;Cookie;Ernesta.Cookie@gmail.com;LCC;(11)
821;Vivia;Felecia;Vivia.Felecia@gmail.com;MIEI;(11,4,4,8,12)
199;Clementine;Kare;Clementine.Kare@gmail.com;MIEFIS;(11,14,3)
484;Jeanna;Fitzsimmons;Jeanna.Fitzsimmons@gmail.com;MIEFIS;(10,17,17,8,4,10)
600;Consuela;Noam;Consuela.Noam@gmail.com;MIEI;(19,14,0,11,13)
808;Laurene;Carey;Laurene.Carey@gmail.com;MIEFIS;(5,15)
941;Harmonia;Eliathas;Harmonia.Eliathas@gmail.com;LCC;(14,17)
897;Hayley;Bartlett;Hayley.Bartlett@gmail.com;MIEI;(6,3)
449;Shandie;Orelee;Shandie.Orelee@gmail.com;LCC;(10)
396;Sheelagh;Lattie;Sheelagh.Lattie@gmail.com;MIEI;(1,11,2,5,6,13)
317;Myrtice;Aida;Myrtice.Aida@gmail.com;LCC;(16)
338;Halette;Vittoria;Halette.Vittoria@gmail.com;MIEFIS;(9,9)
138;Carilyn;Rona;Carilyn.Rona@gmail.com;MIEI;(14,16,12)
543;Hannis;Uird;Hannis.Uird@gmail.com;MIEI;(13,13,11,14)
252;Kelly;Frodi;Kelly.Frodi@gmail.com;LCC;(15,8,6,17,15)
350;Suzette;Neva;Suzette.Neva@gmail.com;LCC;(12,8)
859;Esmeralda;Norrie;Esmeralda.Norrie@gmail.com;LCC;(7,18,14,0)
782;Merrie;Tillford;Merrie.Tillford@gmail.com;LCC;(6,9,18,16,19,2)
390;Flory;Klotz;Flory.Klotz@gmail.com;MIEI;(4)
550;Kamilah;Constancy;Kamilah.Constancy@gmail.com;LCC;(1,18)
923;Alia;Thornburg;Alia.Thornburg@gmail.com;MIEI;(3,0)
682;Alameda;Gordon;Alameda.Gordon@gmail.com;MIEFIS;(9,1,3)
395;Bibby;Ellerey;Bibby.Ellerey@gmail.com;MIEFIS;(5,16,5,15,6,14)
865;Alejandra;Gordon;Alejandra.Gordon@gmail.com;MIEFIS;(8,2,0,5)
407;Mellicent;Oster;Mellicent.Oster@gmail.com;MIEFIS;(0,11,5,1,0,7)
408;Norine;Bluh;Norine.Bluh@gmail.com;MIEFIS;(3,13,13,14,7,11)
496;Kellen;Callista;Kellen.Callista@gmail.com;LCC;(12,5)
951;Cherrita;Tillford;Cherrita.Tillford@gmail.com;MIEI;(4)
846;Georgina;Sholley;Georgina.Sholley@gmail.com;LCC;(11,4,9,1)
458;Debee;Tamar;Debee.Tamar@gmail.com;MIEI;(18)
647;Myriam;Honoria;Myriam.Honoria@gmail.com;LCC;(12)
104;Cristine;Lilybelle;Cristine.Lilybelle@gmail.com;MIEFIS;(2,15,18,4,5)
553;Jaime;Lareena;Jaime.Lareena@gmail.com;MIEFIS;(5)
104;Amelia;Loeb;Amelia.Loeb@gmail.com;MIEI;(0,10,13)
175;Tabbatha;Stelle;Tabbatha.Stelle@gmail.com;LCC;(2)
543;Ardenia;Jary;Ardenia.Jary@gmail.com;LCC;(13,12)
542;Deirdre;Thad;Deirdre.Thad@gmail.com;LCC;(14,15,6,5,3)
227;Karolina;Sheng;Karolina.Sheng@gmail.com;LCC;(11,6,12,8,10)
634;Belinda;Stefa;Belinda.Stefa@gmail.com;MIEI;(10,16,4)
836;Patricia;Mike;Patricia.Mike@gmail.com;MIEI;(9,10,12,5)
734;Diena;Lumbard;Diena.Lumbard@gmail.com;MIEFIS;(5,14)
506;Sadie;Quinn;Sadie.Quinn@gmail.com;LCC;(5,14)
635;Vevay;Koziara;Vevay.Koziara@gmail.com;LCC;(18,8,18,17)
162;Annora;Phaidra;Annora.Phaidra@gmail.com;LCC;(11)
194;Veda;Jorgan;Veda.Jorgan@gmail.com;MIEI;(12)
867;Adelle;Philipp;Adelle.Philipp@gmail.com;LCC;(11,4,8)
978;Daune;Alarise;Daune.Alarise@gmail.com;MIEI;(18,8)
336;Nessie;Buttaro;Nessie.Buttaro@gmail.com;MIEI;(14,12,15)
674;Cissiee;Alcott;Cissiee.Alcott@gmail.com;MIEFIS;(15,5)
529;Bibby;Autrey;Bibby.Autrey@gmail.com;MIEFIS;(6)
195;Nollie;Tremayne;Nollie.Tremayne@gmail.com;MIEI;(16,18,1)
527;Alleen;Horan;Alleen.Horan@gmail.com;MIEI;(15,3,12,6,6,7)
135;Ada;Urias;Ada.Urias@gmail.com;MIEFIS;(14,16)
915;Marguerite;Rillings;Marguerite.Rillings@gmail.com;MIEI;(14,19,15,18,11)
796;Fina;Goerke;Fina.Goerke@gmail.com;LCC;(2)
393;Mamie;Auberbach;Mamie.Auberbach@gmail.com;LCC;(13)
329;Dione;Toor;Dione.Toor@gmail.com;MIEI;(19)
406;Modestia;Means;Modestia.Means@gmail.com;MIEFIS;(4,11)
918;Clo;Gilbertson;Clo.Gilbertson@gmail.com;MIEFIS;(17)
654;Elena;Ophelia;Elena.Ophelia@gmail.com;LCC;(15)
443;Shaine;Dawkins;Shaine.Dawkins@gmail.com;MIEFIS;(15)
182;Eolanda;Buttaro;Eolanda.Buttaro@gmail.com;LCC;(17,0,12,8)
876;Angela;Buffum;Angela.Buffum@gmail.com;MIEFIS;(3,11,9)
936;Dorice;Sprage;Dorice.Sprage@gmail.com;LCC;(5)
469;Tera;Quent;Tera.Quent@gmail.com;MIEI;(9,19,7,16)
193;Eolanda;Colbert;Eolanda.Colbert@gmail.com;MIEFIS;(2,3,6,13,11)
433;Constance;Burnside;Constance.Burnside@gmail.com;LCC;(6,11,2,13,1)
604;Josephine;Lymann;Josephine.Lymann@gmail.com;LCC;(6,6,15,11,0)
798;Ardenia;Norrie;Ardenia.Norrie@gmail.com;MIEI;(19,9,10)
977;Tabbatha;Wind;Tabbatha.Wind@gmail.com;LCC;(1,12,14,1,15)
182;Willetta;Shields;Willetta.Shields@gmail.com;MIEFIS;(16,12,15,4)
683;Ernesta;Bultman;Ernesta.Bultman@gmail.com;MIEFIS;(4,18,18,0,16,9)
327;Taffy;Romelda;Taffy.Romelda@gmail.com;MIEFIS;(19,18)
820;Orelia;Shirberg;Orelia.Shirberg@gmail.com;MIEI;(1,0,13,18,10,13)
420;Marcy;Birdella;Marcy.Birdella@gmail.com;LCC;(15,14,13,2,17)
308;Priscilla;Pauly;Priscilla.Pauly@gmail.com;LCC;(13,15)
691;Mignon;Vins;Mignon.Vins@gmail.com;LCC;(16,3,17)
376;Merrie;Thornburg;Merrie.Thornburg@gmail.com;LCC;(4,8)
615;Rochette;Durante;Rochette.Durante@gmail.com;LCC;(2,9,11,19,12)
731;Heddie;Nikaniki;Heddie.Nikaniki@gmail.com;MIEFIS;(15,18,17,3,5,11)
317;Dominga;Idelia;Dominga.Idelia@gmail.com;LCC;(13,1,18)
146;Vinita;Lalitta;Vinita.Lalitta@gmail.com;LCC;(19)
419;Shaine;Cimbura;Shaine.Cimbura@gmail.com;MIEFIS;(11,13,7,17)
200;Lenna;Sidonius;Lenna.Sidonius@gmail.com;MIEFIS;(7,6,4,14,9)
868;Petronia;Ferrell;Petronia.Ferrell@gmail.com;LCC;(6)
439;Kaia;Rustice;Kaia.Rustice@gmail.com;MIEFIS;(18,15,4,13,14,14)
683;Rhea;Nedrud;Rhea.Nedrud@gmail.com;MIEI;(10,12,16,3,15,16)
851;Shauna;Kinnard;Shauna.Kinnard@gmail.com;MIEFIS;(15,2,8,8,15,1)
287;Ronna;Ader;Ronna.Ader@gmail.com;MIEI;(8,17)
287;Leona;Wooster;Leona.Wooster@gmail.com;LCC;(9,3,12,17)
458;Verla;Erlandson;Verla.Erlandson@gmail.com;MIEI;(2)
382;Reeba;Elvyn;Reeba.Elvyn@gmail.com;LCC;(6,10,4)
473;Clementine;Ralfston;Clementine.Ralfston@gmail.com;MIEFIS;(9,0,7)
866;Marcy;Dorcy;Marcy.Dorcy@gmail.com;MIEFIS;(5,18,13,19,1,11)
723;Alia;Morgun;Alia.Morgun@gmail.com;MIEI;(15,16,16)
269;Netty;Donoghue;Netty.Donoghue@gmail.com;MIEI;(13)
668;Cathyleen;Brittani;Cathyleen.Brittani@gmail.com;MIEI;(12,19,14)
919;Kenna;Bonilla;Kenna.Bonilla@gmail.com;MIEFIS;(12,13,8,3,3)
446;Sharlene;Ovid;Sharlene.Ovid@gmail.com;MIEI;(3,15,4,16)
546;Raf;McClimans;Raf.McClimans@gmail.com;MIEFIS;(8,2,13,7,11)
468;Hannis;Monaco;Hannis.Monaco@gmail.com;LCC;(2,1)
663;Tami;Vary;Tami.Vary@gmail.com;MIEFIS;(8,11,18,5)
230;Anallese;Natica;Anallese.Natica@gmail.com;MIEFIS;(13,13,0,3)
131;Annaliese;Raama;Annaliese.Raama@gmail.com;MIEFIS;(5,7,0,8,8,8)
788;Hope;Santoro;Hope.Santoro@gmail.com;MIEFIS;(18,1,3,9)
154;Gwyneth;Joli;Gwyneth.Joli@gmail.com;MIEI;(4,15)
704;Daphne;Garlinda;Daphne.Garlinda@gmail.com;LCC;(14)
919;Frank;Elisha;Frank.Elisha@gmail.com;MIEI;(2,12)
532;Tatiania;Anyah;Tatiania.Anyah@gmail.com;MIEI;(8,9,13,3,4)
294;Marita;Bivins;Marita.Bivins@gmail.com;LCC;(15,5)
955;Thalia;Edison;Thalia.Edison@gmail.com;MIEFIS;(4,14)
570;Bobinette;Trinetta;Bobinette.Trinetta@gmail.com;MIEFIS;(15,12,7,15,11,8)
787;Nicoli;Stilwell;Nicoli.Stilwell@gmail.com;MIEI;(11,17)
879;Dolli;Hirsch;Dolli.Hirsch@gmail.com;MIEI;(17,15,12,6)
278;Viviene;Geffner;Viviene.Geffner@gmail.com;MIEFIS;(12,11,0,6,14,19)
796;Merry;Ashely;Merry.Ashely@gmail.com;MIEFIS;(1,4)
324;Diena;Stevy;Diena.Stevy@gmail.com;LCC;(6,5,14,14,7,18)
984;Ermengarde;Constancy;Ermengarde.Constancy@gmail.com;MIEFIS;(1,13,18,2,15,9)
562;Eadie;Juliet;Eadie.Juliet@gmail.com;MIEFIS;(8,2,13,10)
631;Teriann;Iaverne;Teriann.Iaverne@gmail.com;LCC;(6,15,6,13,10)
815;Laurene;Dash;Laurene.Dash@gmail.com;MIEI;(4,12,19,14)
490;Patricia;Hanleigh;Patricia.Hanleigh@gmail.com;LCC;(15,1,5)
487;Ann-Marie;Virgin;Ann-Marie.Virgin@gmail.com;MIEI;(4,5,15)
140;Fredericka;Yam;Fredericka.Yam@gmail.com;MIEFIS;(7,1,10,6,18,3)
795;Celene;Fairweather;Celene.Fairweather@gmail.com;MIEI;(18,18,5,17,18,2)
898;Allis;Eugenia;Allis.Eugenia@gmail.com;MIEFIS;(7,6,4,1,8,13)
349;Siana;Plato;Siana.Plato@gmail.com;LCC;(12,10,15,0,19,18)
111;Moyna;Solitta;Moyna.Solitta@gmail.com;LCC;(15,11,4,4,19)
311;Lanna;Kress;Lanna.Kress@gmail.com;LCC;(9,7,4,12)
223;Roz;Ochs;Roz.Ochs@gmail.com;MIEI;(10,13,17,19)
476;Hermione;Liva;Hermione.Liva@gmail.com;LCC;(15,17,6)
920;Monika;Tyson;Monika.Tyson@gmail.com;LCC;(14,3,12,4,7)
744;Pearline;Blase;Pearline.Blase@gmail.com;LCC;(0)
437;Queenie;Pierette;Queenie.Pierette@gmail.com;MIEI;(15,2,3,7)
959;Lynea;Bach;Lynea.Bach@gmail.com;MIEFIS;(19,12,6,1,2)
192;Jemie;Serilda;Jemie.Serilda@gmail.com;LCC;(16)
905;Edee;Sothena;Edee.Sothena@gmail.com;MIEFIS;(0,6,9,18,19)
228;Maryellen;Stav;Maryellen.Stav@gmail.com;MIEI;(6,9)
673;Roslyn;Bord;Roslyn.Bord@gmail.com;MIEI;(15,10,11,19,19)
786;Ofilia;Wu;Ofilia.Wu@gmail.com;MIEFIS;(12,15,12,10,18)
123;Wilma;Cookie;Wilma.Cookie@gmail.com;MIEI;(13,7,16,9)
825;Amara;Ball;Amara.Ball@gmail.com;MIEI;(14,18)
217;Rayna;Orlene;Rayna.Orlene@gmail.com;MIEI;(13,14)
102;Philis;Cavan;Philis.Cavan@gmail.com;MIEI;(19)
652;Maye;Colp;Maye.Colp@gmail.com;MIEI;(14,7,7)
703;Sheelagh;Zetta;Sheelagh.Zetta@gmail.com;MIEI;(17,7,14,9,1,9)
849;Alexine;Pip;Alexine.Pip@gmail.com;MIEI;(10,6,7,18,1,3)
658;Marsiella;Chauncey;Marsiella.Chauncey@gmail.com;LCC;(4,5,18)
524;Cissiee;Pillsbury;Cissiee.Pillsbury@gmail.com;LCC;(10,9,9,16)
199;Myrtice;Lowry;Myrtice.Lowry@gmail.com;LCC;(14,4,6,16,9,11)
279;Binny;Gaal;Binny.Gaal@gmail.com;MIEI;(10)
600;Almeta;Fillbert;Almeta.Fillbert@gmail.com;MIEI;(17,8,4)
860;Coral;Haldas;Coral.Haldas@gmail.com;LCC;(16,14)
528;Daune;Jotham;Daune.Jotham@gmail.com;MIEFIS;(2,6,4)
413;Hayley;Giule;Hayley.Giule@gmail.com;MIEFIS;(2,14,7,14,17)
680;Elora;Mitzi;Elora.Mitzi@gmail.com;MIEFIS;(5,12,8,10,16)
328;Raina;Pelagias;Raina.Pelagias@gmail.com;MIEI;(6)
591;Monika;Trinetta;Monika.Trinetta@gmail.com;LCC;(10)
660;Tina;Rosemary;Tina.Rosemary@gmail.com;MIEI;(1,14,5,5,5,12)
889;Gilligan;Chaing;Gilligan.Chaing@gmail.com;LCC;(17,5,14,2,15,3)
464;Jeanna;Kiersten;Jeanna.Kiersten@gmail.com;MIEFIS;(6)
531;Merrie;Cherianne;Merrie.Cherianne@gmail.com;MIEFIS;(7,14,17,6,4,16)
695;Julieta;Ehrman;Julieta.Ehrman@gmail.com;LCC;(2,14,18,3,3)
832;Amelia;Poppy;Amelia.Poppy@gmail.com;LCC;(1,1,3,8,16,11)
479;Edyth;Hanshaw;Edyth.Hanshaw@gmail.com;MIEI;(3,0,0,14)
611;Leia;Idelia;Leia.Idelia@gmail.com;MIEI;(4,18,12,16,10,16)
453;Adore;Ivens;Adore.Ivens@gmail.com;LCC;(15,15,7)
783;Elena;Rustice;Elena.Rustice@gmail.com;LCC;(14,14,19,10)
114;Kayla;Payson;Kayla.Payson@gmail.com;LCC;(6,19)
572;Iseabal;Oneida;Iseabal.Oneida@gmail.com;MIEI;(15)
532;Robbi;Kannry;Robbi.Kannry@gmail.com;LCC;(6,10,13,16)
797;Dorice;Peonir;Dorice.Peonir@gmail.com;LCC;(16,15,18,12,19)
882;Mellicent;Avi;Mellicent.Avi@gmail.com;MIEI;(3,12,1)
322;Blinni;Graig;Blinni.Graig@gmail.com;MIEI;(0,12,16)
331;Dawn;Pearse;Dawn.Pearse@gmail.com;MIEI;(1,11,17,17,11)
448;Florie;Delacourt;Florie.Delacourt@gmail.com;LCC;(3,17,9,14,10,14)
618;Kary;Karna;Kary.Karna@gmail.com;MIEFIS;(10,2,17,7,0,9)
964;Ardys;Constancy;Ardys.Constancy@gmail.com;LCC;(18,17,9,8)
961;Devina;Aurelio;Devina.Aurelio@gmail.com;MIEFIS;(8,19,15,1,10)
766;Lanna;Peti;Lanna.Peti@gmail.com;MIEI;(13,1,8)
415;Aaren;Naor;Aaren.Naor@gmail.com;LCC;(18,9,15,3,2,3)
580;Misha;Wildermuth;Misha.Wildermuth@gmail.com;LCC;(10,4,5,1,7,0)
334;Kathy;Lipson;Kathy.Lipson@gmail.com;LCC;(16)
873;Fina;Lattie;Fina.Lattie@gmail.com;MIEI;(11,8,12,16,16)
105;Rani;Oscar;Rani.Oscar@gmail.com;MIEI;(14,0,17)
481;Raquela;Juliet;Raquela.Juliet@gmail.com;LCC;(14,8,11,2)
354;Shaine;Raseda;Shaine.Raseda@gmail.com;MIEFIS;(15,6,14,17,0)
288;Devina;Niccolo;Devina.Niccolo@gmail.com;MIEI;(10)
120;Ashlee;Ledah;Ashlee.Ledah@gmail.com;MIEI;(3,17,15,16,9)
794;Anica;Rugen;Anica.Rugen@gmail.com;MIEFIS;(9,10,18,17,8)
350;Netty;Buckler;Netty.Buckler@gmail.com;LCC;(12)
787;Codie;Dannye;Codie.Dannye@gmail.com;MIEI;(16,19,7)
127;Sherrie;Ludewig;Sherrie.Ludewig@gmail.com;MIEI;(4,5,7,4,7,7)
649;Shaylyn;Raimondo;Shaylyn.Raimondo@gmail.com;LCC;(11,11,5,8,2,17)
147;Donetta;Atonsah;Donetta.Atonsah@gmail.com;MIEFIS;(14,17)
619;Lelah;Yate;Lelah.Yate@gmail.com;LCC;(2,4)
510;Stevana;Phaidra;Stevana.Phaidra@gmail.com;LCC;(4)
237;Carolina;Fabiola;Carolina.Fabiola@gmail.com;MIEI;(19,14,14,19,16)
960;Margalo;Lutero;Margalo.Lutero@gmail.com;MIEI;(4,1,5,5,11,0)
268;Heddie;Ulphia;Heddie.Ulphia@gmail.com;MIEFIS;(8)
322;Melina;Dunkin;Melina.Dunkin@gmail.com;MIEFIS;(17,19,8)
333;Talya;Emmy;Talya.Emmy@gmail.com;MIEI;(7)
698;Demetris;Bashemeth;Demetris.Bashemeth@gmail.com;MIEFIS;(11)
756;Margalo;Mich;Margalo.Mich@gmail.com;MIEI;(10,15)
528;Britni;Skell;Britni.Skell@gmail.com;LCC;(12,2)
441;Corene;Hieronymus;Corene.Hieronymus@gmail.com;MIEFIS;(17)
631;Roseline;Rona;Roseline.Rona@gmail.com;LCC;(18,10,2,15,5)
161;Eadie;Kelula;Eadie.Kelula@gmail.com;LCC;(3)
630;Kayla;Abbot;Kayla.Abbot@gmail.com;MIEFIS;(16,16,0)
583;Lyssa;Morgun;Lyssa.Morgun@gmail.com;MIEI;(17,18,19)
238;Annecorinne;Bartlett;Annecorinne.Bartlett@gmail.com;LCC;(0,16,10)
899;Codie;Haldas;Codie.Haldas@gmail.com;MIEI;(7,13,11,1,4)
727;Annice;Lipson;Annice.Lipson@gmail.com;MIEI;(17,3,7,18)
577;Elvira;Edison;Elvira.Edison@gmail.com;LCC;(17)
132;Lorie;Hoban;Lorie.Hoban@gmail.com;MIEI;(12,12)
604;Rozele;Harriman;Rozele.Harriman@gmail.com;MIEI;(15,19,16,7,8)
957;Cindelyn;Zachary;Cindelyn.Zachary@gmail.com;MIEFIS;(9,19,0,8)
955;Kamilah;Faro;Kamilah.Faro@gmail.com;MIEFIS;(14,2,19,10,4,4)
252;Rosaline;Chobot;Rosaline.Chobot@gmail.com;LCC;(13,5,17)
508;Nonnah;Socha;Nonnah.Socha@gmail.com;LCC;(9,8,17,6,15,19)
382;Jenilee;Ariella;Jenilee.Ariella@gmail.com;MIEFIS;(11)
994;Ivett;O'Carroll;Ivett.O'Carroll@gmail.com;LCC;(3,6,18,4,19)
762;Cathyleen;Dahlia;Cathyleen.Dahlia@gmail.com;LCC;(2,8,1,13)
542;Selma;Deegan;Selma.Deegan@gmail.com;MIEI;(5,17,5)
346;Cassondra;Mich;Cassondra.Mich@gmail.com;MIEI;(2)
364;Norine;Carbo;Norine.Carbo@gmail.com;LCC;(10,18,10,16)
264;Zia;Vilma;Zia.Vilma@gmail.com;MIEFIS;(12,7,14)
951;Olwen;Carey;Olwen.Carey@gmail.com;MIEFIS;(5)
608;Bettine;Sallyann;Bettine.Sallyann@gmail.com;LCC;(13,7,5)
510;Lindie;Janene;Lindie.Janene@gmail.com;MIEFIS;(11,15,9,1,8)
611;Darlleen;Ramona;Darlleen.Ramona@gmail.com;MIEFIS;(14)
277;Valeda;Bari;Valeda.Bari@gmail.com;MIEFIS;(6,12,2,16)
333;Lexine;Sholley;Lexine.Sholley@gmail.com;MIEI;(9,15,18)
403;Trudie;Corilla;Trudie.Corilla@gmail.com;MIEFIS;(18)
427;Vere;Miru;Vere.Miru@gmail.com;MIEFIS;(6,16,12,2,8)
388;Dale;Zitvaa;Dale.Zitvaa@gmail.com;MIEFIS;(4,10,5,11,0)
442;Orelia;Alarise;Orelia.Alarise@gmail.com;MIEI;(16)
241;Nonnah;Donoghue;Nonnah.Donoghue@gmail.com;LCC;(0,19)
797;Lynde;Kathie;Lynde.Kathie@gmail.com;LCC;(15,15,19,15,2)
519;Hollie;Leopold;Hollie.Leopold@gmail.com;MIEFIS;(13,17,10)
787;Shell;Hillel;Shell.Hillel@gmail.com;MIEI;(16,15,13,14)
383;Shirlee;Boehike;Shirlee.Boehike@gmail.com;LCC;(9,6,10)
586;Averyl;Plato;Averyl.Plato@gmail.com;LCC;(6,8,12,14)
760;Lynde;Shuler;Lynde.Shuler@gmail.com;LCC;(4,12)
708;Janey;Selway;Janey.Selway@gmail.com;LCC;(16,17)
776;Gwenneth;Felecia;Gwenneth.Felecia@gmail.com;MIEI;(6,13,9,12)
241;Minda;Leonard;Minda.Leonard@gmail.com;MIEI;(6,15,6)
606;Grier;Kelula;Grier.Kelula@gmail.com;LCC;(6,15,12,4,11,12)
923;Morganica;Rodmann;Morganica.Rodmann@gmail.com;MIEI;(0,2,7)
546;Kirbee;Dimitris;Kirbee.Dimitris@gmail.com;LCC;(11,17)
388;Alex;Ader;Alex.Ader@gmail.com;MIEI;(12)
207;Pamella;Crudden;Pamella.Crudden@gmail.com;MIEI;(14,3,3,14)
144;Emma;Guildroy;Emma.Guildroy@gmail.com;MIEFIS;(18,2,17)
845;Zondra;Adrienne;Zondra.Adrienne@gmail.com;MIEFIS;(17,2,2,18,18,13)
755;Jasmina;Anderea;Jasmina.Anderea@gmail.com;MIEFIS;(8,4,14,7)
604;Lorne;Garlinda;Lorne.Garlinda@gmail.com;MIEI;(16,5,11,2)
241;Modestia;Boehike;Modestia.Boehike@gmail.com;MIEFIS;(15,18,14,1)
351;Orelia;Goldina;Orelia.Goldina@gmail.com;MIEI;(15,4,18,3)
352;Dawn;Taima;Dawn.Taima@gmail.com;MIEFIS;(2,3,17,5,10,13)
594;Cherrita;Cleavland;Cherrita.Cleavland@gmail.com;MIEI;(10)
878;Tani;Alejoa;Tani.Alejoa@gmail.com;MIEI;(18,1)
549;Gilda;Anastatius;Gilda.Anastatius@gmail.com;LCC;(19)
270;Nannie;O'Carroll;Nannie.O'Carroll@gmail.com;MIEI;(5,12,18,11)
976;Dolli;Emmaline;Dolli.Emmaline@gmail.com;LCC;(7)
903;Brietta;Mich;Brietta.Mich@gmail.com;LCC;(12,8,0,17,0,17)
560;Rebeca;Syd;Rebeca.Syd@gmail.com;MIEI;(0,0,17)
889;Georgina;Yorick;Georgina.Yorick@gmail.com;LCC;(19,19,11,16,10,6)
431;Fina;Leopold;Fina.Leopold@gmail.com;LCC;(3,2,14,1,4,13)
499;Cathie;Alrich;Cathie.Alrich@gmail.com;MIEI;(2,16,7,2,4)
981;Aurore;Albertine;Aurore.Albertine@gmail.com;MIEI;(2,3,5,9,1,6)
961;Jennica;Bollay;Jennica.Bollay@gmail.com;LCC;(18,16)
541;Sean;Atcliffe;Sean.Atcliffe@gmail.com;LCC;(7,17,9,12,13,0)
794;Ermengarde;Gaal;Ermengarde.Gaal@gmail.com;MIEFIS;(17,4)
519;Alyda;Felizio;Alyda.Felizio@gmail.com;MIEI;(5)
569;Winny;Wolfgram;Winny.Wolfgram@gmail.com;LCC;(11,6,11,11)
507;Tierney;Henebry;Tierney.Henebry@gmail.com;LCC;(16,14)
635;Ofilia;Kannry;Ofilia.Kannry@gmail.com;MIEFIS;(3,7,16,19)
126;Elfreda;Cassius;Elfreda.Cassius@gmail.com;MIEFIS;(13)
421;Jennica;Jethro;Jennica.Jethro@gmail.com;MIEI;(3,9,19,8,8,1)
432;Gerianna;Fennessy;Gerianna.Fennessy@gmail.com;MIEFIS;(10,12,9,7)
294;Sallie;Dichy;Sallie.Dichy@gmail.com;LCC;(18,3,4)
108;Andeee;Cristi;Andeee.Cristi@gmail.com;MIEI;(14,18)
204;Demetris;Gemini;Demetris.Gemini@gmail.com;LCC;(18,4,17,16,16)
241;Ericka;Oster;Ericka.Oster@gmail.com;MIEI;(8,19)
596;Sara-Ann;Lasley;Sara-Ann.Lasley@gmail.com;MIEFIS;(16,13,7,5)
845;Clementine;Saree;Clementine.Saree@gmail.com;LCC;(4,9)
773;Beth;Wenoa;Beth.Wenoa@gmail.com;MIEFIS;(3,8,3,19)
301;Nannie;Brotherson;Nannie.Brotherson@gmail.com;LCC;(12,0,15,13)
138;Merry;Firmin;Merry.Firmin@gmail.com;MIEFIS;(18,17,9)
909;Merry;Love;Merry.Love@gmail.com;LCC;(17,18,5)
807;Emelina;Parsaye;Emelina.Parsaye@gmail.com;LCC;(5,14,1,2,7,2)
969;Laurene;Harday;Laurene.Harday@gmail.com;LCC;(15,19)
700;Bobinette;Kat;Bobinette.Kat@gmail.com;LCC;(11)
396;Keelia;Nunci;Keelia.Nunci@gmail.com;MIEI;(0,16,9,13,9)
377;Sue;Schroth;Sue.Schroth@gmail.com;MIEI;(7)
957;Aaren;Fleeta;Aaren.Fleeta@gmail.com;MIEFIS;(13,2)
675;Dode;Levey;Dode.Levey@gmail.com;MIEFIS;(15,15)
168;Catharine;Georas;Catharine.Georas@gmail.com;MIEFIS;(7,16,19,1,7,18)
155;Andree;Bouchard;Andree.Bouchard@gmail.com;MIEFIS;(0,7,18,6,14)
337;Yolane;Estella;Yolane.Estella@gmail.com;LCC;(3,0)
406;Emilia;Burch;Emilia.Burch@gmail.com;MIEFIS;(4,9,16)
816;Claudina;Natalia;Claudina.Natalia@gmail.com;LCC;(2,4,13,10,1)
629;Penelopa;Zenas;Penelopa.Zenas@gmail.com;MIEFIS;(17,7,10,10,6,7)
409;Alie;Philoo;Alie.Philoo@gmail.com;MIEFIS;(14)
774;Vinita;Gunn;Vinita.Gunn@gmail.com;MIEFIS;(13)
975;Lila;Cottle;Lila.Cottle@gmail.com;MIEFIS;(18,5,17,2,1)
538;Rosanne;Pernick;Rosanne.Pernick@gmail.com;MIEFIS;(4,6,18,14)
348;Sherrie;Taam;Sherrie.Taam@gmail.com;LCC;(11,2,8,1,17,0)
561;Agnese;Casimir;Agnese.Casimir@gmail.com;MIEFIS;(19,13)
242;Pierette;Amand;Pierette.Amand@gmail.com;LCC;(3,11,14)
960;Raquela;Teryn;Raquela.Teryn@gmail.com;MIEFIS;(1,5,6,11,3,0)
738;Benita;Allina;Benita.Allina@gmail.com;LCC;(13,4,2,13,9,5)
845;Maurene;Freddi;Maurene.Freddi@gmail.com;MIEFIS;(15,1,10,11,8,5)
611;Steffane;Amadas;Steffane.Amadas@gmail.com;LCC;(2,10,13,4)
856;Dagmar;Susannah;Dagmar.Susannah@gmail.com;LCC;(0,4,4,18,10)
133;Nadine;Timon;Nadine.Timon@gmail.com;MIEI;(11)
701;Raina;Si;Raina.Si@gmail.com;MIEI;(15,7)
796;Dale;Monaco;Dale.Monaco@gmail.com;LCC;(14,9,9,9,6)
543;Grier;Alabaster;Grier.Alabaster@gmail.com;MIEFIS;(16,12,11)
583;Sindee;Dermott;Sindee.Dermott@gmail.com;MIEI;(15,15,18,19,0,5)
478;Carmencita;Swigart;Carmencita.Swigart@gmail.com;LCC;(16)
565;Mara;Loleta;Mara.Loleta@gmail.com;LCC;(18,6)
306;Carree;Sundin;Carree.Sundin@gmail.com;LCC;(17)
304;Halette;Fontana;Halette.Fontana@gmail.com;LCC;(3,3,11,16,6,12)
578;Belinda;Simmonds;Belinda.Simmonds@gmail.com;LCC;(17,19)
648;Sandie;Lane;Sandie.Lane@gmail.com;MIEFIS;(8,18,1,18,11)
591;Dyann;Sprage;Dyann.Sprage@gmail.com;MIEI;(2)
397;Kimmy;Deegan;Kimmy.Deegan@gmail.com;MIEFIS;(0,16,9)
646;Cacilie;Jillane;Cacilie.Jillane@gmail.com;MIEFIS;(9,17,10)
948;Hermione;Judye;Hermione.Judye@gmail.com;MIEI;(19,0,6,7)
646;Mellicent;Madox;Mellicent.Madox@gmail.com;LCC;(17,3,3,10,7,11)
690;Bibby;Fillbert;Bibby.Fillbert@gmail.com;LCC;(7,16,13,18,10,15)
932;Berta;Suanne;Berta.Suanne@gmail.com;MIEI;(6,5,16,1,1)
892;Jan;Rillings;Jan.Rillings@gmail.com;MIEFIS;(15)
271;Misha;Malanie;Misha.Malanie@gmail.com;MIEFIS;(19,4,12,18,11)
567;Jean;Brady;Jean.Brady@gmail.com;MIEFIS;(14)
543;Kathy;Aldric;Kathy.Aldric@gmail.com;MIEFIS;(5,19,4,3)
360;Sam;Ashok;Sam.Ashok@gmail.com;MIEI;(5)
388;Marleah;Milson;Marleah.Milson@gmail.com;MIEI;(12,13,0,0)
295;Kimberley;Eben;Kimberley.Eben@gmail.com;LCC;(10,6,1,17,17,7)
450;Claresta;Ball;Claresta.Ball@gmail.com;MIEI;(8)
846;Arabel;Cornelia;Arabel.Cornelia@gmail.com;MIEFIS;(18,11)
252;Beatriz;Thema;Beatriz.Thema@gmail.com;MIEFIS;(12,2,8,3,13,2)
551;Cherilyn;Oster;Cherilyn.Oster@gmail.com;MIEI;(1)
217;Mahalia;Bow;Mahalia.Bow@gmail.com;LCC;(4,13,3,6,0)
732;Loree;Swigart;Loree.Swigart@gmail.com;MIEFIS;(13,2,3)
538;Andeee;Alva;Andeee.Alva@gmail.com;LCC;(1,8,6,18,7,18)
951;Madeleine;Bobbee;Madeleine.Bobbee@gmail.com;MIEFIS;(13)
565;Annice;Atonsah;Annice.Atonsah@gmail.com;MIEI;(5,9,10)
582;Phylis;Prober;Phylis.Prober@gmail.com;MIEI;(7,0,10,5,10)
374;Ingrid;Soneson;Ingrid.Soneson@gmail.com;MIEFIS;(14,4,4,3,7,4)
745;Merry;Masao;Merry.Masao@gmail.com;LCC;(1)
477;Angela;Fennessy;Angela.Fennessy@gmail.com;MIEFIS;(8,10,7,3,12,6)
649;Jerry;Graig;Jerry.Graig@gmail.com;MIEFIS;(19,7,4,16,3)
894;Delilah;Lasley;Delilah.Lasley@gmail.com;LCC;(8,5)
813;Hannis;Ashok;Hannis.Ashok@gmail.com;LCC;(0,4,8,15)
694;Betta;Saunderson;Betta.Saunderson@gmail.com;LCC;(7,18,9)
879;Ardeen;Bonilla;Ardeen.Bonilla@gmail.com;MIEFIS;(10,8,6,12)
337;Carol-Jean;Stover;Carol-Jean.Stover@gmail.com;MIEFIS;(6,6)
875;Cassandra;Skurnik;Cassandra.Skurnik@gmail.com;MIEI;(13,11,11,19)
153;Lonnie;Haymes;Lonnie.Haymes@gmail.com;LCC;(11,15,1,10)
933;Allyce;Hessler;Allyce.Hessler@gmail.com;LCC;(0,17,10)
690;Nollie;Ochs;Nollie.Ochs@gmail.com;MIEFIS;(4,18,5)
144;Korrie;Gabrielli;Korrie.Gabrielli@gmail.com;MIEI;(14,13,7,14,5)
295;Kamilah;Westphal;Kamilah.Westphal@gmail.com;MIEI;(6,15,8,1,6,7)
201;Valera;Salvidor;Valera.Salvidor@gmail.com;LCC;(9,6,3,6,19)
943;Gretal;Eugenia;Gretal.Eugenia@gmail.com;LCC;(6,18)
176;Karena;Cleavland;Karena.Cleavland@gmail.com;LCC;(13,9,1,6,19)
435;Carmencita;Whittaker;Carmencita.Whittaker@gmail.com;MIEI;(3)
875;Jaclyn;Erminia;Jaclyn.Erminia@gmail.com;MIEI;(19)
861;Kelly;Torray;Kelly.Torray@gmail.com;MIEI;(16)
981;Catharine;Niles;Catharine.Niles@gmail.com;MIEFIS;(2,10)
325;Romona;Ball;Romona.Ball@gmail.com;MIEI;(14,12,4)
532;Almeta;Raffo;Almeta.Raffo@gmail.com;MIEI;(1,4)
518;Christian;Hebner;Christian.Hebner@gmail.com;MIEFIS;(5,0,9,2,13)
639;Melodie;Engdahl;Melodie.Engdahl@gmail.com;MIEFIS;(14,1,12)
550;Isa;Amethist;Isa.Amethist@gmail.com;MIEI;(2,13,14,7)
802;Chrystel;McCutcheon;Chrystel.McCutcheon@gmail.com;MIEFIS;(19,19,19,15,17,10)
963;Elie;Llovera;Elie.Llovera@gmail.com;MIEFIS;(6,12)
650;Alyssa;Lumbard;Alyssa.Lumbard@gmail.com;LCC;(6,6,15,18)
423;Lorne;Raychel;Lorne.Raychel@gmail.com;MIEI;(4)
952;Joeann;Wenoa;Joeann.Wenoa@gmail.com;LCC;(5,0,1,19,19)
380;Desirae;Bandeen;Desirae.Bandeen@gmail.com;MIEFIS;(17,10)
371;Leia;Cullin;Leia.Cullin@gmail.com;LCC;(10,3,14,13)
948;Angela;Alejoa;Angela.Alejoa@gmail.com;LCC;(4)
361;Genevra;Audly;Genevra.Audly@gmail.com;MIEFIS;(7)
689;Sarette;Guthrie;Sarette.Guthrie@gmail.com;MIEFIS;(3,11,15)
494;Rivalee;Wolfgram;Rivalee.Wolfgram@gmail.com;LCC;(12,19,13,3,18)
135;Siana;Astra;Siana.Astra@gmail.com;LCC;(8,5,17,2,15,7)
820;Maud;Diogenes;Maud.Diogenes@gmail.com;MIEI;(18,8,14,3,3,16)
994;Joleen;Horan;Joleen.Horan@gmail.com;LCC;(16,9,1,10,1,5)
146;Cherrita;Cohdwell;Cherrita.Cohdwell@gmail.com;LCC;(8,14)
778;Almeta;Liva;Almeta.Liva@gmail.com;MIEFIS;(12,2,15,9,19)
705;Kamilah;Mike;Kamilah.Mike@gmail.com;MIEI;(0)
680;Tabbatha;Lail;Tabbatha.Lail@gmail.com;MIEFIS;(2,9,5,2,18)
938;Eolanda;Nelsen;Eolanda.Nelsen@gmail.com;LCC;(6)
674;Dagmar;Sabella;Dagmar.Sabella@gmail.com;MIEFIS;(7)
114;Tomasina;Colyer;Tomasina.Colyer@gmail.com;MIEFIS;(12)
838;Annabela;Zeeba;Annabela.Zeeba@gmail.com;MIEI;(0,8,1,10,19,3)
847;Dione;Auberbach;Dione.Auberbach@gmail.com;MIEFIS;(6,17,0)
958;Gwyneth;Hazlett;Gwyneth.Hazlett@gmail.com;MIEFIS;(4,3,7,3,2)
502;Grier;Rheingold;Grier.Rheingold@gmail.com;MIEFIS;(17)
116;Bibby;Madelene;Bibby.Madelene@gmail.com;MIEI;(14,14,18,14,11,10)
821;Lorie;Granoff;Lorie.Granoff@gmail.com;MIEFIS;(7)
567;Millie;Verger;Millie.Verger@gmail.com;MIEFIS;(9,1,19,9)
561;Reeba;Peti;Reeba.Peti@gmail.com;LCC;(6,10)
595;Evita;Codding;Evita.Codding@gmail.com;LCC;(7)
479;Candy;Laurianne;Candy.Laurianne@gmail.com;LCC;(1,11,2)
803;Kore;Henrie;Kore.Henrie@gmail.com;MIEFIS;(2,8,14)
207;Vanessa;Edmund;Vanessa.Edmund@gmail.com;MIEFIS;(15,7,10,11,3)
417;Vevay;Bandeen;Vevay.Bandeen@gmail.com;MIEI;(11)
584;Lizzie;Markman;Lizzie.Markman@gmail.com;LCC;(9,10,3,5,15)
571;Riannon;Bobbee;Riannon.Bobbee@gmail.com;MIEFIS;(15,7,12)
781;Tani;Amethist;Tani.Amethist@gmail.com;LCC;(3,17,1,3,0,19)
963;Annecorinne;Linehan;Annecorinne.Linehan@gmail.com;MIEFIS;(5,18,10)
816;Fanny;Orpah;Fanny.Orpah@gmail.com;MIEI;(18,16,10,5)
509;Thalia;Niles;Thalia.Niles@gmail.com;MIEI;(4)
609;Shell;Dowski;Shell.Dowski@gmail.com;MIEI;(8,3,19)
538;Kelly;Westphal;Kelly.Westphal@gmail.com;MIEFIS;(2,13,16,10,13,2)
452;Consuela;Bury;Consuela.Bury@gmail.com;MIEI;(13,12,9,2)
200;Jenilee;Drus;Jenilee.Drus@gmail.com;MIEFIS;(17,14,14,3,14,10)
164;Ann-Marie;Nance;Ann-Marie.Nance@gmail.com;LCC;(1,8,5,19,7)
705;Moyna;Merat;Moyna.Merat@gmail.com;MIEI;(11,2)
142;Gilda;Ader;Gilda.Ader@gmail.com;LCC;(10)
609;Layla;Auberbach;Layla.Auberbach@gmail.com;MIEI;(5,8,15)
206;Marline;Wilkinson;Marline.Wilkinson@gmail.com;MIEFIS;(11,18,4)
998;Larine;Schonfeld;Larine.Schonfeld@gmail.com;LCC;(5,2,4,11,6,8)
688;Sue;Bohlin;Sue.Bohlin@gmail.com;LCC;(14,12,11,5,5,15)
937;Clementine;Rugen;Clementine.Rugen@gmail.com;MIEFIS;(16,19,14)
670;Deedee;Melony;Deedee.Melony@gmail.com;MIEI;(7,0,8)
421;Mara;Jess;Mara.Jess@gmail.com;MIEI;(9,12)
214;Brynna;Dowski;Brynna.Dowski@gmail.com;MIEFIS;(11,14,5)
930;Rosabelle;Aprile;Rosabelle.Aprile@gmail.com;LCC;(3,14)
411;Jacenta;Maroney;Jacenta.Maroney@gmail.com;MIEI;(15,3,11,4)
371;Leontine;Sherrie;Leontine.Sherrie@gmail.com;LCC;(6,18,1)
438;Christian;Jena;Christian.Jena@gmail.com;MIEFIS;(4)
950;Dania;August;Dania.August@gmail.com;MIEI;(10,10,19,13,2,10)
366;Chloris;Flyn;Chloris.Flyn@gmail.com;MIEI;(4,7,8)
264;Valli;Ulphia;Valli.Ulphia@gmail.com;MIEFIS;(0)
941;Karolina;Olympium;Karolina.Olympium@gmail.com;MIEFIS;(0,7,4,3,16)
563;Lilith;Charmine;Lilith.Charmine@gmail.com;LCC;(12)
439;Nickie;Himelman;Nickie.Himelman@gmail.com;LCC;(8,6,1,19,0,8)
792;Sybille;Juan;Sybille.Juan@gmail.com;MIEI;(2,17,18)
747;Tori;Gwenore;Tori.Gwenore@gmail.com;MIEFIS;(13,12,9,1)
561;Sheelagh;Mott;Sheelagh.Mott@gmail.com;MIEFIS;(9,17,4,13,6)
106;Wileen;Pearse;Wileen.Pearse@gmail.com;MIEFIS;(6,1)
168;Lilith;Sperling;Lilith.Sperling@gmail.com;MIEI;(0,8)
475;Olivette;Parette;Olivette.Parette@gmail.com;MIEI;(10,1,13,7)
734;Cindelyn;Greyson;Cindelyn.Greyson@gmail.com;MIEI;(13,9,19,6)
148;Lolita;Jalbert;Lolita.Jalbert@gmail.com;LCC;(6,7,16,7)
264;Gretal;Gombach;Gretal.Gombach@gmail.com;MIEI;(18,15,16,7,0)
795;Siana;Agle;Siana.Agle@gmail.com;LCC;(6,12,19,2)
483;Vevay;Means;Vevay.Means@gmail.com;MIEI;(10,4,17,14,11)
293;Annice;Glenden;Annice.Glenden@gmail.com;LCC;(13)
625;Daryl;My;Daryl.My@gmail.com;MIEI;(7)
598;Hannis;Mott;Hannis.Mott@gmail.com;MIEFIS;(18,10)
655;Melisent;Ummersen;Melisent.Ummersen@gmail.com;MIEI;(15,9,8,8,5,5)
128;Pierette;Couture;Pierette.Couture@gmail.com;LCC;(11,11,9)
252;June;Rillings;June.Rillings@gmail.com;MIEI;(6,18,10)
266;Merry;Kaja;Merry.Kaja@gmail.com;MIEI;(13,18,4,14,4)
637;Norine;Thornburg;Norine.Thornburg@gmail.com;MIEI;(16)
430;Paola;Ethban;Paola.Ethban@gmail.com;LCC;(1,5)
639;Zaria;Hoenack;Zaria.Hoenack@gmail.com;MIEI;(9,14,18)
824;Daryl;Krystle;Daryl.Krystle@gmail.com;LCC;(10,7)
960;Peri;Robertson;Peri.Robertson@gmail.com;LCC;(8,3,12,16,16,13)
735;Goldie;Dorothy;Goldie.Dorothy@gmail.com;LCC;(3,16,16)
280;Heddie;Dorine;Heddie.Dorine@gmail.com;MIEFIS;(18,8,0)
725;Jinny;Rozanna;Jinny.Rozanna@gmail.com;MIEFIS;(1,13,11)
401;Genevra;Birdella;Genevra.Birdella@gmail.com;LCC;(18)
692;Rubie;Olympium;Rubie.Olympium@gmail.com;MIEFIS;(2,4,3,13)
682;Tera;Dielu;Tera.Dielu@gmail.com;MIEFIS;(18,7,18)
337;Lorenza;Bertold;Lorenza.Bertold@gmail.com;MIEI;(8,5,0,10,3)
109;Alleen;Karna;Alleen.Karna@gmail.com;LCC;(1)
962;Janenna;Kosey;Janenna.Kosey@gmail.com;LCC;(15)
548;Caritta;Hathaway;Caritta.Hathaway@gmail.com;LCC;(11,9,16)
972;Coral;Bow;Coral.Bow@gmail.com;MIEFIS;(16,6)
898;Rosanne;Monaco;Rosanne.Monaco@gmail.com;MIEFIS;(17)
748;Merci;Richers;Merci.Richers@gmail.com;LCC;(17,12,18,1)
785;Frank;Bonilla;Frank.Bonilla@gmail.com;MIEI;(11,6,9)
837;Noelle;Ax;Noelle.Ax@gmail.com;MIEFIS;(17,15)
333;Cissiee;Olin;Cissiee.Olin@gmail.com;MIEI;(13,1,15,14)
166;Corene;Emanuel;Corene.Emanuel@gmail.com;MIEFIS;(1,19,3)
616;Kellen;Baptlsta;Kellen.Baptlsta@gmail.com;MIEFIS;(14,8,6,12)
366;Sharlene;Matthew;Sharlene.Matthew@gmail.com;LCC;(14,7)
876;Joeann;Jenness;Joeann.Jenness@gmail.com;MIEI;(7,13,12)
174;Christy;Arne;Christy.Arne@gmail.com;LCC;(3,17,2,5,3)
325;Tilly;Corilla;Tilly.Corilla@gmail.com;MIEFIS;(4)
631;Merle;Teddman;Merle.Teddman@gmail.com;MIEI;(4,3)
611;Vanessa;Belanger;Vanessa.Belanger@gmail.com;MIEFIS;(4)
760;Lauryn;Ricarda;Lauryn.Ricarda@gmail.com;LCC;(4,5,9,1,16,6)
385;Valli;Sheedy;Valli.Sheedy@gmail.com;MIEI;(16,8)
295;Charmaine;Bultman;Charmaine.Bultman@gmail.com;LCC;(18,11,8,4)
503;Jerry;Bahr;Jerry.Bahr@gmail.com;MIEI;(0,11,7,13,3)
476;Devina;Kamaria;Devina.Kamaria@gmail.com;LCC;(18)
689;Adele;Fadiman;Adele.Fadiman@gmail.com;LCC;(9,13)
762;Aaren;Borrell;Aaren.Borrell@gmail.com;MIEI;(6)
441;Carmela;Wu;Carmela.Wu@gmail.com;LCC;(0,10,0,10,6)
241;Helena;Richers;Helena.Richers@gmail.com;MIEFIS;(15,7,10)
503;Eve;Elisha;Eve.Elisha@gmail.com;MIEFIS;(14,6,10)
727;Georgetta;Ortrude;Georgetta.Ortrude@gmail.com;MIEI;(17,5)
927;Lita;Tound;Lita.Tound@gmail.com;MIEI;(12)
342;Alisha;Obed;Alisha.Obed@gmail.com;MIEFIS;(2)
729;Brianna;Center;Brianna.Center@gmail.com;MIEFIS;(12,15,6,4,7)
155;Justinn;Shirberg;Justinn.Shirberg@gmail.com;MIEI;(10,14,3,17)
627;Blake;Azeria;Blake.Azeria@gmail.com;MIEI;(15,0)
698;Adriana;Tatianas;Adriana.Tatianas@gmail.com;MIEI;(6)
474;Libbie;Junie;Libbie.Junie@gmail.com;LCC;(8,16)
462;Rozele;Colyer;Rozele.Colyer@gmail.com;MIEFIS;(18,14)
526;Ebonee;Jehu;Ebonee.Jehu@gmail.com;MIEFIS;(6,11,5,1)
930;Fanchon;Charmine;Fanchon.Charmine@gmail.com;MIEFIS;(0,1,16,5,16)
260;Leanna;Ephrem;Leanna.Ephrem@gmail.com;MIEI;(5,3)
170;Ellette;Kunin;Ellette.Kunin@gmail.com;MIEFIS;(17,14,15,4,10)
276;Wileen;Tamsky;Wileen.Tamsky@gmail.com;LCC;(17,9,3,4,8)
901;Ronna;Travax;Ronna.Travax@gmail.com;LCC;(0,2,14,1,11)
513;Sandie;Cath;Sandie.Cath@gmail.com;LCC;(12,9,14,1)
440;Ellette;Hathaway;Ellette.Hathaway@gmail.com;LCC;(16,13,9,0)
125;Amara;Amand;Amara.Amand@gmail.com;MIEI;(7)
830;Ana;Randene;Ana.Randene@gmail.com;MIEFIS;(2,2)
663;Andeee;Melan;Andeee.Melan@gmail.com;MIEI;(15,17)
296;Marguerite;Mallon;Marguerite.Mallon@gmail.com;LCC;(10,5,11,5,15)
559;Elvira;Salvidor;Elvira.Salvidor@gmail.com;LCC;(17,3)
233;Ingrid;Ortrude;Ingrid.Ortrude@gmail.com;MIEFIS;(17,2,16,8)
468;Penelopa;Drus;Penelopa.Drus@gmail.com;MIEI;(1,19,16,10,18,14)
433;Kary;Israeli;Kary.Israeli@gmail.com;MIEI;(3,4,19,4,16,9)
740;Stephanie;Bronk;Stephanie.Bronk@gmail.com;MIEFIS;(2,17)
330;Marleah;Rosalba;Marleah.Rosalba@gmail.com;MIEI;(6,16)
908;Marsiella;Shirberg;Marsiella.Shirberg@gmail.com;MIEFIS;(7)
580;Wilma;Albertine;Wilma.Albertine@gmail.com;MIEFIS;(12,5,9,7,19,9)
417;Ellette;Georgy;Ellette.Georgy@gmail.com;MIEFIS;(7)
356;Luci;Destinee;Luci.Destinee@gmail.com;LCC;(4)
689;Dione;Jena;Dione.Jena@gmail.com;LCC;(18,3,3,14,12,0)
965;Donetta;Ehrman;Donetta.Ehrman@gmail.com;LCC;(1,3,16)
968;Janeczka;Dyche;Janeczka.Dyche@gmail.com;MIEI;(13)
523;Yetty;Margarete;Yetty.Margarete@gmail.com;LCC;(0,13,14)
476;Kathi;Melony;Kathi.Melony@gmail.com;LCC;(18)
720;Georgina;Paton;Georgina.Paton@gmail.com;MIEFIS;(6,5,4,1,9,12)
513;Shaine;Bergman;Shaine.Bergman@gmail.com;MIEFIS;(19,16,11)
199;Marnia;Gilmour;Marnia.Gilmour@gmail.com;LCC;(18)
322;Ermengarde;Stilwell;Ermengarde.Stilwell@gmail.com;LCC;(9)
739;Lucy;Pettiford;Lucy.Pettiford@gmail.com;MIEI;(13)
234;Merle;Erskine;Merle.Erskine@gmail.com;LCC;(11)
872;Arabel;Grayce;Arabel.Grayce@gmail.com;MIEFIS;(14,13,10,17,17,12)
913;Talya;Abram;Talya.Abram@gmail.com;LCC;(7,10,17)
807;Rosene;Telfer;Rosene.Telfer@gmail.com;MIEI;(18,9)
759;Paulita;Pernick;Paulita.Pernick@gmail.com;LCC;(12,13)
929;Olivette;Sibyls;Olivette.Sibyls@gmail.com;MIEI;(17,2,19)
747;Aimil;Marlie;Aimil.Marlie@gmail.com;MIEFIS;(4,10,13)
780;June;Dituri;June.Dituri@gmail.com;MIEI;(7,4,14,19,18)
910;Dania;Adalbert;Dania.Adalbert@gmail.com;MIEI;(13,18,9,7,15)
437;Aaren;Weaks;Aaren.Weaks@gmail.com;LCC;(11,16,7)
425;Genovera;Noam;Genovera.Noam@gmail.com;LCC;(13,13,10)
943;Tami;Noelyn;Tami.Noelyn@gmail.com;LCC;(13,0)
808;Cissiee;Garrison;Cissiee.Garrison@gmail.com;MIEFIS;(13,17,0)
999;Renie;Atonsah;Renie.Atonsah@gmail.com;LCC;(5,19,9)
442;Carlie;Bollay;Carlie.Bollay@gmail.com;LCC;(13,13,3)
241;Tierney;Goth;Tierney.Goth@gmail.com;MIEFIS;(15,11,19,0)
474;Camile;Publia;Camile.Publia@gmail.com;MIEI;(17)
408;Alia;Melleta;Alia.Melleta@gmail.com;MIEFIS;(12)
766;Ericka;Merat;Ericka.Merat@gmail.com;LCC;(5,19,4,11,5,18)
585;Carilyn;Carbo;Carilyn.Carbo@gmail.com;MIEI;(16,18)
759;Ninnetta;Sisile;Ninnetta.Sisile@gmail.com;LCC;(2,15,2,1,2)
135;Marleah;Dalli;Marleah.Dalli@gmail.com;LCC;(0)
174;Maud;Gregrory;Maud.Gregrory@gmail.com;MIEFIS;(16,7,14,2,2)
855;Aaren;Rebecka;Aaren.Rebecka@gmail.com;MIEFIS;(7)
983;Dorene;Chapland;Dorene.Chapland@gmail.com;MIEI;(1,3,1,7,4)
313;Morganica;Joni;Morganica.Joni@gmail.com;MIEI;(7,16,7,1,14,10)
268;Dania;Clie;Dania.Clie@gmail.com;MIEI;(15,16,19,0,17,18)
803;Willetta;Herrera;Willetta.Herrera@gmail.com;LCC;(13,0,7,5,9,3)
430;Glenda;Delacourt;Glenda.Delacourt@gmail.com;MIEI;(6,10,7)
120;Penelopa;Afton;Penelopa.Afton@gmail.com;MIEI;(19)
519;Riannon;Joseph;Riannon.Joseph@gmail.com;MIEI;(7)
158;Fredericka;Leffen;Fredericka.Leffen@gmail.com;LCC;(15,15,1,13)
580;Amelia;Kaja;Amelia.Kaja@gmail.com;MIEI;(18,16)
594;Tina;Raama;Tina.Raama@gmail.com;MIEFIS;(10,0,11,15,19,14)
550;Vinita;Millda;Vinita.Millda@gmail.com;MIEI;(17,6,14,15)
589;Coral;Wyn;Coral.Wyn@gmail.com;MIEFIS;(0,15,9)
340;Caryl;Stevy;Caryl.Stevy@gmail.com;LCC;(17,1,3,17,19,8)
734;Merle;Si;Merle.Si@gmail.com;MIEFIS;(7,7,12,8,5,13)
695;Starla;Mendez;Starla.Mendez@gmail.com;MIEFIS;(5,2,2,1)
655;Rivalee;Yerkovich;Rivalee.Yerkovich@gmail.com;LCC;(18)
749;Elmira;Guthrie;Elmira.Guthrie@gmail.com;MIEFIS;(0,14)
430;Giustina;Kress;Giustina.Kress@gmail.com;LCC;(11,19,2,6)
160;Nannie;Teddman;Nannie.Teddman@gmail.com;MIEFIS;(16)
730;Kaja;Sherrie;Kaja.Sherrie@gmail.com;MIEFIS;(16,0,6)
185;Rosabelle;Gaspard;Rosabelle.Gaspard@gmail.com;LCC;(5)
255;Brena;Cassius;Brena.Cassius@gmail.com;MIEI;(5,6)
755;Carolina;Dorine;Carolina.Dorine@gmail.com;MIEFIS;(13,17,0,8)
188;Leona;Brian;Leona.Brian@gmail.com;MIEI;(11,9,5,1)
415;Elsie;Grayce;Elsie.Grayce@gmail.com;MIEFIS;(9)
966;Vanessa;Campball;Vanessa.Campball@gmail.com;MIEI;(2,10,7,18)
363;Therine;Dahlia;Therine.Dahlia@gmail.com;MIEI;(1,13)
709;Amara;Kristi;Amara.Kristi@gmail.com;MIEI;(17,14,12,8,5,8)
744;Fred;Kirstin;Fred.Kirstin@gmail.com;LCC;(12)
851;Stevana;Cadmar;Stevana.Cadmar@gmail.com;MIEFIS;(4,3,9,16)
883;Rhoda;Zitvaa;Rhoda.Zitvaa@gmail.com;MIEFIS;(12)
391;Lucy;Claudine;Lucy.Claudine@gmail.com;MIEI;(12)
662;Gilda;Naor;Gilda.Naor@gmail.com;MIEFIS;(5,17,1,14,16,10)
192;Kore;Evvie;Kore.Evvie@gmail.com;MIEFIS;(16,0,11,18,11)
921;Lynnea;Voletta;Lynnea.Voletta@gmail.com;MIEFIS;(4,7,9,7)
493;Lynde;Wadell;Lynde.Wadell@gmail.com;MIEFIS;(2,4,7,11,12,7)
295;Xylina;Lia;Xylina.Lia@gmail.com;LCC;(3,16,15)
309;Shell;Niles;Shell.Niles@gmail.com;LCC;(12,13)
913;Selia;Dituri;Selia.Dituri@gmail.com;MIEFIS;(17,1,11)
187;Merrie;Daniele;Merrie.Daniele@gmail.com;LCC;(17,6,18,5,7,10)
585;Bernie;Vittoria;Bernie.Vittoria@gmail.com;MIEI;(4,10,3,11)
284;Jennica;Chem;Jennica.Chem@gmail.com;MIEI;(12,14,0,5,16)
150;Wynne;Hathaway;Wynne.Hathaway@gmail.com;MIEFIS;(16,7,5)
665;Dacia;Lane;Dacia.Lane@gmail.com;MIEI;(1,19,8,17,11,18)
620;Karly;Ingra;Karly.Ingra@gmail.com;MIEI;(10,5)
238;Jeanna;Irmine;Jeanna.Irmine@gmail.com;MIEFIS;(3,9,15)
583;Britte;Maryanne;Britte.Maryanne@gmail.com;MIEFIS;(7,18,4)
267;Karina;Wildermuth;Karina.Wildermuth@gmail.com;MIEFIS;(15,0,17,14,2)
257;Elmira;Thomasina;Elmira.Thomasina@gmail.com;MIEI;(10,13,11)
944;Alyda;Palocz;Alyda.Palocz@gmail.com;MIEFIS;(10,3,10,14)
493;Adele;Lilybelle;Adele.Lilybelle@gmail.com;MIEI;(10,15,11,17,16)
923;Orsola;Florina;Orsola.Florina@gmail.com;MIEI;(8,18)
393;Marcelline;Nelsen;Marcelline.Nelsen@gmail.com;MIEFIS;(2,8,10)
253;Augustine;Sikorski;Augustine.Sikorski@gmail.com;LCC;(10,11)
946;Halette;Letsou;Halette.Letsou@gmail.com;LCC;(13,0,6,7,7)
845;Sallie;Kendrick;Sallie.Kendrick@gmail.com;MIEFIS;(5)
652;Kore;Shaddock;Kore.Shaddock@gmail.com;LCC;(11,5)
246;Sherrie;Remmer;Sherrie.Remmer@gmail.com;LCC;(8,14,9,15,14,19)
766;Noelle;Hazlett;Noelle.Hazlett@gmail.com;LCC;(6,14,16,13)
116;Melisent;Dalli;Melisent.Dalli@gmail.com;MIEFIS;(6,7)
814;Rosaline;Joni;Rosaline.Joni@gmail.com;LCC;(12,9,11,8,4,8)
317;Ileana;Buttaro;Ileana.Buttaro@gmail.com;MIEFIS;(16,14,19,6)
506;Constance;Ellerey;Constance.Ellerey@gmail.com;LCC;(18,4,3,7)
104;Dacia;Montgomery;Dacia.Montgomery@gmail.com;MIEI;(0,16,6,0)
472;Carly;Goode;Carly.Goode@gmail.com;LCC;(2)
738;Gale;Izaak;Gale.Izaak@gmail.com;LCC;(15,6,8,7,3,7)
374;Kassey;Ardra;Kassey.Ardra@gmail.com;MIEI;(11,4,2,18,15,18)
942;Kara-Lynn;Tarrant;Kara-Lynn.Tarrant@gmail.com;LCC;(6,9,4,6)
188;Oona;Stilwell;Oona.Stilwell@gmail.com;LCC;(6,3,18)
660;Kirbee;Drus;Kirbee.Drus@gmail.com;MIEI;(19,18,10,13,17)
654;Corene;Faso;Corene.Faso@gmail.com;MIEI;(5,15,12,4,4)
430;Jackie;Halsey;Jackie.Halsey@gmail.com;MIEI;(15)
787;Ottilie;Marsden;Ottilie.Marsden@gmail.com;MIEFIS;(7)
846;Perry;Brackely;Perry.Brackely@gmail.com;MIEFIS;(14,10)
883;Kristina;Weitman;Kristina.Weitman@gmail.com;MIEI;(9,16,10,14)
460;Andree;Havens;Andree.Havens@gmail.com;MIEFIS;(16)
555;Chastity;Cynar;Chastity.Cynar@gmail.com;MIEFIS;(15)
902;Silvana;Virgin;Silvana.Virgin@gmail.com;MIEFIS;(18,19)
987;Jenilee;Kelula;Jenilee.Kelula@gmail.com;MIEFIS;(7,16,4,7,0,12)
598;Debee;Harriman;Debee.Harriman@gmail.com;LCC;(10,14,13)
404;Mady;Sheedy;Mady.Sheedy@gmail.com;LCC;(14)
682;Daune;Larochelle;Daune.Larochelle@gmail.com;LCC;(12)
367;Keelia;Norrie;Keelia.Norrie@gmail.com;MIEI;(18)
651;Xylina;Braun;Xylina.Braun@gmail.com;MIEFIS;(1)
779;Ekaterina;Ariella;Ekaterina.Ariella@gmail.com;LCC;(8,2,7)
785;Zondra;Wenda;Zondra.Wenda@gmail.com;LCC;(2,17,18)
231;Catrina;Campball;Catrina.Campball@gmail.com;LCC;(13,15,16,7,11)
594;Jacenta;Berard;Jacenta.Berard@gmail.com;MIEFIS;(3,4,13)
173;Chastity;Montgomery;Chastity.Montgomery@gmail.com;LCC;(15)
258;Romona;Shuler;Romona.Shuler@gmail.com;MIEI;(14,10,4,4)
952;Dotty;Liebermann;Dotty.Liebermann@gmail.com;MIEFIS;(2,18)
288;Harrietta;Suanne;Harrietta.Suanne@gmail.com;MIEFIS;(2,7,7,16,4)
577;Dorice;Schenck;Dorice.Schenck@gmail.com;MIEI;(12,8,16,15,3)
159;Shaine;Sadowski;Shaine.Sadowski@gmail.com;LCC;(1,2,8,3,4)
685;Jacenta;Kinnard;Jacenta.Kinnard@gmail.com;MIEI;(16,8,6,4,3)
218;Jany;Faso;Jany.Faso@gmail.com;MIEFIS;(16,6,12,4,17)
641;Melisent;Waite;Melisent.Waite@gmail.com;MIEI;(15,16,4,0,13)
711;Briney;Fiester;Briney.Fiester@gmail.com;LCC;(19)
480;Karolina;Toni;Karolina.Toni@gmail.com;MIEI;(15,5,19,13,9,2)
712;Dotty;Fax;Dotty.Fax@gmail.com;MIEI;(8,7,6,1)
602;Esmeralda;Ummersen;Esmeralda.Ummersen@gmail.com;MIEFIS;(1,4,16,14,5,4)
453;Rosene;Cassius;Rosene.Cassius@gmail.com;LCC;(19,0,8,18,8)
507;Ekaterina;Moina;Ekaterina.Moina@gmail.com;MIEI;(15,0)
766;Kayla;Arne;Kayla.Arne@gmail.com;MIEI;(19,7,5,7,12,19)
140;Lusa;Ardra;Lusa.Ardra@gmail.com;MIEFIS;(3,5,11)
490;Christy;Buckler;Christy.Buckler@gmail.com;LCC;(3,8)
440;Hayley;Faro;Hayley.Faro@gmail.com;MIEI;(3,5,15,10,11,7)
785;Agathe;Janene;Agathe.Janene@gmail.com;MIEI;(10,17,14,7,4,8)
114;Anica;Merriott;Anica.Merriott@gmail.com;MIEFIS;(8)
691;Clary;Prober;Clary.Prober@gmail.com;MIEI;(14,7,9,0,14,12)
977;Tierney;Land;Tierney.Land@gmail.com;MIEFIS;(16,16)
553;Dolli;Hull;Dolli.Hull@gmail.com;LCC;(12,15,10,15,7,15)
410;Gavrielle;Pierette;Gavrielle.Pierette@gmail.com;LCC;(15,9,3,13,16,19)
855;Netty;Pierette;Netty.Pierette@gmail.com;MIEFIS;(3,13)
983;Kristan;Weitman;Kristan.Weitman@gmail.com;MIEFIS;(18,8,8,15,14,5)
104;Nariko;Brodench;Nariko.Brodench@gmail.com;LCC;(15,9)
957;Angelique;Toni;Angelique.Toni@gmail.com;MIEI;(4,3,3,18,0)
978;Oona;Zamora;Oona.Zamora@gmail.com;MIEFIS;(2,17,4)
809;Patricia;Thema;Patricia.Thema@gmail.com;LCC;(0,17,10,13,18)
583;Karena;Suanne;Karena.Suanne@gmail.com;LCC;(11,19,18,11,5)
756;Tarra;Thema;Tarra.Thema@gmail.com;MIEI;(18,16,16,5,14,18)
985;Gilda;Meli;Gilda.Meli@gmail.com;MIEFIS;(7,10,19)
722;Paola;Chobot;Paola.Chobot@gmail.com;MIEFIS;(1,11,10,0)
373;Anica;Durante;Anica.Durante@gmail.com;LCC;(3,13,6,11)
133;Doro;Toor;Doro.Toor@gmail.com;LCC;(1,8,13,19,5)
940;Christy;Buckler;Christy.Buckler@gmail.com;LCC;(5,15)
668;Dolli;Lytton;Dolli.Lytton@gmail.com;LCC;(1)
526;Estell;Isacco;Estell.Isacco@gmail.com;MIEI;(3,8,19,2,8,12)
134;Bernardine;Meter;Bernardine.Meter@gmail.com;MIEFIS;(12,19,5,2,16)
465;Anestassia;Martsen;Anestassia.Martsen@gmail.com;MIEFIS;(6,9)
541;Jeanna;Penelopa;Jeanna.Penelopa@gmail.com;LCC;(15,3,12,13)
995;Viki;Morrill;Viki.Morrill@gmail.com;MIEI;(13,14,4,6)
327;Melina;Tengdin;Melina.Tengdin@gmail.com;MIEI;(4,15,2,7,10,13)
920;Demetris;Kannry;Demetris.Kannry@gmail.com;MIEI;(6,9,15,9,9,4)
926;Courtnay;Justinn;Courtnay.Justinn@gmail.com;MIEFIS;(19,4,9,5)
529;Mellicent;Alexandr;Mellicent.Alexandr@gmail.com;MIEI;(12)
455;Estell;Podvin;Estell.Podvin@gmail.com;LCC;(7,13,4,17,3)
877;Leeanne;Skell;Leeanne.Skell@gmail.com;MIEFIS;(3)
907;Flo;Ahab;Flo.Ahab@gmail.com;LCC;(12,6,3,14)
594;Belva;Dulciana;Belva.Dulciana@gmail.com;LCC;(11,12,7,5,15)
923;Letizia;Swigart;Letizia.Swigart@gmail.com;LCC;(4,18,19,0,16,18)
636;Dorene;Capello;Dorene.Capello@gmail.com;MIEFIS;(7)
545;Lacie;Fredi;Lacie.Fredi@gmail.com;MIEI;(14)
562;Christy;Morrill;Christy.Morrill@gmail.com;MIEFIS;(10)
695;Fayre;Vivle;Fayre.Vivle@gmail.com;LCC;(5)
613;Teddie;Grosz;Teddie.Grosz@gmail.com;MIEFIS;(3,9,5,15,0,8)
546;Wendi;Adalbert;Wendi.Adalbert@gmail.com;MIEI;(0,8,5,13)
190;Inga;Diogenes;Inga.Diogenes@gmail.com;MIEI;(3,13,6,8)
931;Cecile;Ietta;Cecile.Ietta@gmail.com;LCC;(6,5,19,0)
920;Rosanne;Elvyn;Rosanne.Elvyn@gmail.com;MIEFIS;(19,14,14)
971;Ericka;Mehalek;Ericka.Mehalek@gmail.com;MIEFIS;(0,8,18,0,4)
783;Clo;Gillan;Clo.Gillan@gmail.com;MIEI;(9)
700;Leeanne;Caitlin;Leeanne.Caitlin@gmail.com;MIEFIS;(11)
321;Calla;Flita;Calla.Flita@gmail.com;LCC;(10)
304;Dianemarie;Garrison;Dianemarie.Garrison@gmail.com;MIEI;(5,5,4,1)
300;Elbertina;Jacobah;Elbertina.Jacobah@gmail.com;MIEFIS;(7,9)
509;Madelle;Corilla;Madelle.Corilla@gmail.com;MIEFIS;(5)
919;Orsola;Center;Orsola.Center@gmail.com;MIEI;(19,7,11)
119;Oralee;Shanley;Oralee.Shanley@gmail.com;MIEI;(3,12,19,7,6,15)
394;Nannie;Calhoun;Nannie.Calhoun@gmail.com;LCC;(5,5)
918;Danny;Ezar;Danny.Ezar@gmail.com;LCC;(8,13,8)
603;Queenie;Salvidor;Queenie.Salvidor@gmail.com;LCC;(0,1,0,6,9)
308;Devina;Seumas;Devina.Seumas@gmail.com;LCC;(4,10,13,13,1)
286;Kristan;My;Kristan.My@gmail.com;MIEFIS;(5,17)
520;Kristan;Greenwald;Kristan.Greenwald@gmail.com;MIEFIS;(1,8,5,16,9,3)
439;Marika;Yorick;Marika.Yorick@gmail.com;MIEFIS;(17,3,7)
431;Meriel;Mich;Meriel.Mich@gmail.com;MIEFIS;(18,11,6,3)
843;Ivett;Alva;Ivett.Alva@gmail.com;LCC;(1,8,12,9)
958;Mildrid;Remmer;Mildrid.Remmer@gmail.com;MIEFIS;(10,5,4,16)
333;Teriann;Alisia;Teriann.Alisia@gmail.com;MIEFIS;(17,1)
509;Alexine;Eno;Alexine.Eno@gmail.com;MIEFIS;(0,15,2)
872;Kathy;Hermes;Kathy.Hermes@gmail.com;MIEFIS;(11,10,16)
723;Basia;Stav;Basia.Stav@gmail.com;LCC;(16,7)
989;Elmira;Pernick;Elmira.Pernick@gmail.com;MIEFIS;(16)
163;Sindee;Huggins;Sindee.Huggins@gmail.com;MIEI;(0,2,4,19,16)
718;Hope;Ferino;Hope.Ferino@gmail.com;MIEI;(11,14,1)
379;Fawne;Louanna;Fawne.Louanna@gmail.com;LCC;(6,14,15,10)
946;Kittie;Kolnick;Kittie.Kolnick@gmail.com;LCC;(17,8,12,10)
724;Roslyn;Geffner;Roslyn.Geffner@gmail.com;MIEI;(9,18,7,4)
925;Ariela;Poppy;Ariela.Poppy@gmail.com;MIEFIS;(2,10,19,0)
309;Cassandra;Karylin;Cassandra.Karylin@gmail.com;MIEFIS;(0,8,10,7)
933;Ileana;Tiffa;Ileana.Tiffa@gmail.com;LCC;(6,11,10)
190;Jsandye;Harday;Jsandye.Harday@gmail.com;MIEFIS;(13,3,9,1)
916;Myrtice;Phi;Myrtice.Phi@gmail.com;MIEI;(18,14,18,4)
980;Shaine;Eckblad;Shaine.Eckblad@gmail.com;MIEFIS;(10,15)
224;Tarra;Forrer;Tarra.Forrer@gmail.com;LCC;(7)
621;Sindee;Tremayne;Sindee.Tremayne@gmail.com;MIEFIS;(5)
374;Dolli;Nisbet;Dolli.Nisbet@gmail.com;MIEI;(17,4,3,1,12)
349;Veda;Neva;Veda.Neva@gmail.com;MIEFIS;(14,15,1)
576;Tami;Ciapas;Tami.Ciapas@gmail.com;MIEI;(0,15,12,17,19)
676;Maud;Rocray;Maud.Rocray@gmail.com;MIEI;(7,15,0,8,12)
544;Charlena;Leifeste;Charlena.Leifeste@gmail.com;MIEI;(3,10,4)
114;Eadie;Buckler;Eadie.Buckler@gmail.com;MIEI;(12,14,13,2)
601;Krystle;Capello;Krystle.Capello@gmail.com;MIEFIS;(14,17,3,7,16,15)
376;Melisent;Frendel;Melisent.Frendel@gmail.com;MIEFIS;(7,8)
978;Larine;Eno;Larine.Eno@gmail.com;LCC;(8,7,14,1,6)
272;Jaclyn;Diann;Jaclyn.Diann@gmail.com;MIEFIS;(14,7,1,6,0)
205;Cyb;Suanne;Cyb.Suanne@gmail.com;MIEFIS;(1,1)
331;Sheree;Urania;Sheree.Urania@gmail.com;MIEI;(11,8,19)
358;Eadie;Ruvolo;Eadie.Ruvolo@gmail.com;MIEI;(5)
924;Consuela;Papageno;Consuela.Papageno@gmail.com;LCC;(17,18)
883;Loree;Dash;Loree.Dash@gmail.com;MIEI;(14,9)
459;Albertina;Brenn;Albertina.Brenn@gmail.com;LCC;(12,18,17,15)
968;Louella;Bouchard;Louella.Bouchard@gmail.com;MIEFIS;(7,15)
307;Almeta;Mallon;Almeta.Mallon@gmail.com;MIEI;(1,2,7)
929;Maye;Vary;Maye.Vary@gmail.com;LCC;(7,15)
266;Christy;Dash;Christy.Dash@gmail.com;LCC;(9,3,0)
306;Jany;McClimans;Jany.McClimans@gmail.com;LCC;(9,17,0,1,17,5)
987;Blondelle;O'Neill;Blondelle.O'Neill@gmail.com;LCC;(2,11,18,7,1)
288;Alameda;Brotherson;Alameda.Brotherson@gmail.com;LCC;(4,6,8,6)
694;Karlee;Weaks;Karlee.Weaks@gmail.com;LCC;(9,11,18,1)
554;Janey;Ramona;Janey.Ramona@gmail.com;MIEI;(19,5,0)
358;Cam;Johanna;Cam.Johanna@gmail.com;MIEFIS;(11,10,4,6,14,16)
714;Netty;Pelagias;Netty.Pelagias@gmail.com;LCC;(7)
298;Carol-Jean;Yam;Carol-Jean.Yam@gmail.com;MIEFIS;(7,6,2,18,8,9)
333;Ilse;Lane;Ilse.Lane@gmail.com;LCC;(17,4)
345;Gretal;Marlie;Gretal.Marlie@gmail.com;LCC;(17,4,6,7,12)
103;Jasmina;Sherfield;Jasmina.Sherfield@gmail.com;MIEI;(15,2,16,8,3,2)
574;Lynea;Darian;Lynea.Darian@gmail.com;MIEI;(5,11)
721;Gilda;Nore;Gilda.Nore@gmail.com;MIEI;(4,2,3,16,16,19)
873;Sharlene;Ochs;Sharlene.Ochs@gmail.com;LCC;(14)
428;Shannah;Grayce;Shannah.Grayce@gmail.com;MIEFIS;(18,11,7)
572;Hettie;Phaidra;Hettie.Phaidra@gmail.com;LCC;(8)
544;Celestyna;Masao;Celestyna.Masao@gmail.com;LCC;(9,2,0)
333;Linzy;Yam;Linzy.Yam@gmail.com;LCC;(1,3,16,12)
428;Malina;Prober;Malina.Prober@gmail.com;LCC;(16)
365;Laure;Thar;Laure.Thar@gmail.com;LCC;(18,13)
808;Carly;Letsou;Carly.Letsou@gmail.com;MIEFIS;(17,9,8,1)
770;Sara-Ann;Erb;Sara-Ann.Erb@gmail.com;MIEFIS;(12,12,0,5)
391;Paulita;Knowling;Paulita.Knowling@gmail.com;LCC;(1,2,12,11)
318;Suzette;Thomasina;Suzette.Thomasina@gmail.com;MIEI;(13,17,14)
509;Jeanna;Auberbach;Jeanna.Auberbach@gmail.com;MIEFIS;(19,14,6,2)
396;Elka;Cyrie;Elka.Cyrie@gmail.com;MIEI;(0,9,13,14,18)
150;Joelly;Khorma;Joelly.Khorma@gmail.com;MIEI;(12,18,15,2,0,6)
593;Marline;Dorothy;Marline.Dorothy@gmail.com;MIEI;(3,17,5,12,13)
287;Lenna;Desai;Lenna.Desai@gmail.com;MIEI;(19,3,13,3,0)
332;Genovera;Loring;Genovera.Loring@gmail.com;LCC;(12,10,7,7,16)
148;Caritta;Joseph;Caritta.Joseph@gmail.com;MIEFIS;(13,13)
273;Emelina;Kirstin;Emelina.Kirstin@gmail.com;MIEI;(3,19)
574;Camile;Anton;Camile.Anton@gmail.com;MIEI;(2,15,0,11)
798;Dennie;Joni;Dennie.Joni@gmail.com;LCC;(5,9,4,3,1)
482;Dawn;Jehu;Dawn.Jehu@gmail.com;LCC;(4)
314;Trudie;Huggins;Trudie.Huggins@gmail.com;MIEI;(0)
506;Patricia;Friede;Patricia.Friede@gmail.com;MIEI;(3,17,8)
111;Trudie;Elisha;Trudie.Elisha@gmail.com;MIEI;(1,12)
213;Kaja;Dom;Kaja.Dom@gmail.com;MIEFIS;(4,0)
144;Penelopa;Tufts;Penelopa.Tufts@gmail.com;MIEFIS;(12,16,8,13,19,15)
447;Laure;Elsinore;Laure.Elsinore@gmail.com;MIEFIS;(2,3)
855;Valera;Abernon;Valera.Abernon@gmail.com;MIEI;(12,16,17,4,7)
344;Consuela;Bigner;Consuela.Bigner@gmail.com;LCC;(9,13,18,4,5,11)
165;Adele;Mike;Adele.Mike@gmail.com;MIEFIS;(8,6,2,16)
266;Charissa;Tengdin;Charissa.Tengdin@gmail.com;MIEFIS;(6)
913;Latisha;Masao;Latisha.Masao@gmail.com;MIEI;(15,7,16,8,1,16)
465;Susan;Sharl;Susan.Sharl@gmail.com;MIEI;(15)
879;Blinni;Tice;Blinni.Tice@gmail.com;MIEI;(9,11,13,12,4,1)
606;Josephine;Weaks;Josephine.Weaks@gmail.com;MIEFIS;(0,18,9,8)
755;Andree;Wittie;Andree.Wittie@gmail.com;LCC;(8)